arxiv_id,title,authors,abstract,categories,published,updated,url,pdf_url
2605.06666v1,The Kubo-Thermalization Correspondence,Songtao Huang; Xingyu Li; Jianyi Chen; Alan Tsidilkovski; Gabriel G. T. Assumpção; Pengfei Zhang; Hui Zhai; Nir Navon,"Quantum thermalization describes how interacting quantum systems relax toward thermal equilibrium, a central problem in modern physics. Yet most experimental information on many-body systems comes from short-time transition spectroscopy, typically interpreted within Kubo's linear-response framework. These perspectives - long-time equilibration versus short-time response - seem fundamentally disconnected. Here we establish an exact link between them: the Kubo-Thermalization correspondence, which connects long-time thermalized magnetization under weak driving to short-time linear-response spectra for a spin coupled to a thermal bath. The correspondence holds even when the steady state differs substantially from the initial state and when each regime is individually difficult to describe theoretically. We experimentally confirm the correspondence using effective spin-1/2 impurities realized with ultracold fermions in two internal states coupled to a Fermi sea. Our results provide a rare exact statement about quantum thermalization and offer a novel route to infer thermalization dynamics from equilibrium response measurements in strongly interacting quantum systems, independent of microscopic details of the system-bath coupling.",cond-mat.quant-gas; cond-mat.stat-mech; physics.atom-ph; quant-ph,2026-05-07,2026-05-07,http://arxiv.org/abs/2605.06666v1,https://arxiv.org/pdf/2605.06666v1
2605.06661v1,Pro-Tensor Network,Gen Yue; Ansi Bai; Linqian Wu; Tian Lan,"We introduce the pro-tensor network, a categorification of the tensor network, as a fully rigorous yet graphically transparent framework for studying the collection of many many-body theories, which we dub many-many-body theory. We provide a comprehensive toolbox for the graphical calculations using pro-tensor networks. As applications, we recover the Levin-Wen model as a ""uniform"" pro-tensor network and generalize a result of Kitaev and Kong by characterizing particles as modules over promonads. One can also interpret the string-net pro-tensor network as the space of symmetric tensor networks, thus our framework also applies to the study of generalized symmetry and topological holography. Notably, our generalization dispenses with the assumptions of semisimplicity, finiteness, and rigidity, potentially facilitating the exploration of many-body physics beyond these constraints.",cond-mat.str-el; hep-th; math-ph; math.CT; math.QA,2026-05-07,2026-05-07,http://arxiv.org/abs/2605.06661v1,https://arxiv.org/pdf/2605.06661v1
2605.06653v1,From Baby Universes to Narain Moduli: Topological Boundary Averaging in SymTFTs,Xingyang Yu,"We propose a SymTFT interpretation of ensemble averaging in low-dimensional holography. The central operation is to keep fixed both the SymTFT and the physical boundary condition, while averaging over topological boundary conditions at the other end of the SymTFT slab. Each such boundary condition gives an absolute completion of the same relative theory, so the ensemble is interpreted as an average over topological completions rather than over arbitrary local dynamics. We formulate this construction in terms of cap functionals and their natural groupoid or Haar-type measures, and illustrate it in two examples. In the closed-string sector of the Marolf--Maxfield model, topological boundary conditions are labelled by finite sets, and the groupoid sum reproduces the Poisson/Bell-polynomial moments. In the Narain case, compact topological boundary conditions of an $\mathbb{R}$-valued BF SymTFT are identified with maximal isotropic subgroups, so that topological-boundary averaging becomes the usual Narain moduli average with Zamolodchikov measure. We also discuss possible extensions to JT gravity, random matrix theory, Virasoro T(Q)FT, and 3D gravity.",hep-th,2026-05-07,2026-05-07,http://arxiv.org/abs/2605.06653v1,https://arxiv.org/pdf/2605.06653v1
2605.06636v1,What You Don't Know Won't Hurt You: Self-Consistent Hierarchical Inference with Unknown Follow-up Selection Strategies,Reed Essick; Amanda M. Farah,"Many astronomical surveys prompt follow-up observations, but the decision process through which candidates are selected for follow-up can be difficult to model. This poses a challenge when inferring properties of the intrinsic population of astrophysical sources, rather than those of the set of objects detected by the survey and often-incomplete follow-up observations. We alleviate this problem by demonstrating that explicitly modeling of the follow-up selection process is not required for self-consistent inference of the intrinsic population. Using the framework of hierarchical Bayesian inference, we show that the intrinsic population can be accurately inferred even when the decision to follow up candidates strongly correlates with latent parameters of interest. We provide several worked examples, showing that the precision of posterior constraints can depend on the follow-up process and that one may have to model a population of contaminants if the initial selection is imperfect. Our result could dramatically simplify population inference that incorporates uncoordinated follow-up from multiple observers triggered by the deluge of candidates from surveys like LSST, Gaia, and next-generation gravitational-wave interferometers.",astro-ph.IM; gr-qc,2026-05-07,2026-05-07,http://arxiv.org/abs/2605.06636v1,https://arxiv.org/pdf/2605.06636v1
2605.06633v1,Machine Learning Approaches to Building Quantum Circuits for Sets of Matrices,Matvei Fedin; Andrei Morozov,Machine learning nowadays becomes a useful instrument in many subjects. In this paper we use interpretable machine learning to build quantum algorithm. By studying the parameters of the machine learning algorithm we were able to construct universal shortest analytic quantum algorithm for arbitrary diagonal matrix of any size.,quant-ph; hep-th,2026-05-07,2026-05-07,http://arxiv.org/abs/2605.06633v1,https://arxiv.org/pdf/2605.06633v1
2605.06626v1,Integrable perturbations of polynomial Hamiltonian systems,Dmitry Treschev,"We consider a Hamiltonian system on the symplectic space $({\mathbb{R}}^{2n}, dy\wedge dx)$ with a real-analytic Hamiltonian $H : {\mathbb{R}}^{2n}\to {\mathbb{R}}$. We assume that the system has a non-degenerate equilibrium position at the origin. Under some nonresonance assumptions we prove the following.   For any positive integer $M$ there exists a real-analytic function $F:{\mathbb{R}}^{2n}\to{\mathbb{R}}$ such that   (1) $F = O\big( (|x|+|y|)^{M+1} \big)$ at the origin,   (2) the system with Hamiltonian $H+F$ is completely integrable in ${\mathbb{R}}^{2n}$.",math.DS; math-ph,2026-05-07,2026-05-07,http://arxiv.org/abs/2605.06626v1,https://arxiv.org/pdf/2605.06626v1
2605.06613v1,The Phases of the Scalar S-Matrix Island,Joan Elias Miro; Andrea Guerrieri; Mehmet Asim Gumus,"The two-to-two four-dimensional scattering amplitude of identical scalars obeys rigorous two-sided non-perturbative bounds derived via the modern numerical S-matrix bootstrap. These bounds carve out an allowed region with a rich boundary structure, featuring edges and vertices. In this work we further tighten this region and uncover the physics of its boundary by analyzing the asymptotic Regge behavior of the amplitude and the spectrum of resonances and virtual states. We find that the S-matrices along a given edge exhibit universal behavior, sharply contrasting with that on other edges. This reveals a classification of the boundary into distinct phases, corresponding to different UV mechanisms by which a gapped scalar arises.",hep-th,2026-05-07,2026-05-07,http://arxiv.org/abs/2605.06613v1,https://arxiv.org/pdf/2605.06613v1
2605.06602v1,Quasi-homogeneous black hole geometrothermodynamics in Einstein-Maxwell theory,Hernando Quevedo,"In this review, we establish the mathematical framework of geometrothermodynamics (GTD) as a formalism capable of describing non-extensive, quasi-homogeneous, self-gravitating systems in a Legendre-invariant manner. We argue that the fundamental equations of black holes are quasi-homogeneous functions, a property that invalidates the standard Euler identity of laboratory thermodynamics. We derive the metrics for the equilibrium manifold and analyze their curvature singularities for the Reissner-Nordström, Kerr, and Kerr-Newman black holes. Furthermore, we establish a direct correspondence between the curvature singularities of the equilibrium space and phase transitions, as determined by the divergences of the corresponding heat capacities.",gr-qc,2026-05-07,2026-05-07,http://arxiv.org/abs/2605.06602v1,https://arxiv.org/pdf/2605.06602v1
2605.06579v1,Practical Log-Depth Quantum State Preparation and Circuit Verification via Tree Tensor Network Compilation,Angus Mingare; Peter V. Coveney,"Matrix product states provide efficient classical descriptions of quantum systems that may be useful as reference states for quantum algorithms such as quantum phase estimation and quantum-selected configuration interaction. Shallow circuit constructions for loading matrix product states onto quantum computers is necessary for this to be practical on near-term hardware. We present a decomposition of matrix product states to log-depth quantum circuits via a simple tree tensor network renormalisation procedure. Our method exposes an explicit parameter which can be used to trade a small amount of fidelity for large savings in circuit depth. We extend this decomposition to the case of matrix product operators allowing us to construct log-depth and ancilla-free circuits to calculate overlaps of the form $\left |\langleφ|U|ψ\rangle\right |^2$. In particular, we demonstrate an interpretation of these circuits as \emph{verifier circuits} with application to circuit-level device calibration.",quant-ph,2026-05-07,2026-05-07,http://arxiv.org/abs/2605.06579v1,https://arxiv.org/pdf/2605.06579v1
2605.06577v1,Entanglement generation in a two-body Schrödinger--Newton model,Marcin Płodzień; Julia Osęka-Lenart; Maciej Lewenstein; Michał Eckstein,"The Schrödinger--Newton (SN) equation provides a semiclassical framework for the evolution of self-gravitating of massive quantum systems. We propose a two-body Schrödinger--Newton model that separates local nonlinear self-localization from the nonseparable Newtonian pair potential. Analytically, we show that the nonlinear self-field preserves the Schmidt spectrum, whereas direct entanglement generation arises from the nonseparable pair potential. Using numerical simulations in a regularized one-dimensional geometry, we find that entanglement generation depends sensitively on the initial spatial configuration and on the mass ratio. Highly localized, self-bound wavepackets experience minimal entanglement growth during scattering. Spatial delocalization and kinetic dispersion broaden the interaction region, amplifying the entangling power of the pair potential and exciting higher-order spatial modes. For dispersive Gaussian initial states, mass asymmetry shatters the lighter particle, producing Wigner negativity and rapid entanglement growth, whereas stationary SN profiles strongly suppress this effect. Stationary SN profiles isolate the bare pair-potential contribution; dispersive Gaussian initial states inflate it.",quant-ph; gr-qc,2026-05-07,2026-05-07,http://arxiv.org/abs/2605.06577v1,https://arxiv.org/pdf/2605.06577v1
2605.06569v1,Equidistribution of Eigenfunctions of Quantum Cat Maps,Robert Koirala,"We prove that the short-period eigenfunctions of quantum cat maps constructed by Kim and the author equidistribute on $\mathbb{T}^2$ in the sense of semiclassical measures. We also show that their logarithmically large $\ell^\infty$-norm is asymptotically concentrated on a bounded number of coordinates. Thus, for this explicit family, strong coordinate localization coexists with semiclassical equidistribution. These results confirm the behavior suggested by earlier numerical evidence of Kim and the author, and contrast with the scarring phenomena for short-period eigenfunctions observed by Faure, Nonnenmacher, and De Bièvre.",math.AP; math-ph; math.DS; math.NT; math.SP,2026-05-07,2026-05-07,http://arxiv.org/abs/2605.06569v1,https://arxiv.org/pdf/2605.06569v1
2605.06566v1,A Unified SU(2) Framework for Vector Beam Transformations and Complex Beam Shaping,Gayathri G T; Gururaj Kadiri,"We present a constructive framework for designing transformations between structured light fields using birefringent optical elements, formulated in terms of SU(2) operations on polarization. Within this framework, transformations between vector beams are treated as spatially varying SU(2) operations, leading to a direct procedure for designing doubly inhomogeneous waveplates (d-plates) that implement the desired mapping. We identify a condition under which a single element implements a prescribed transformation exactly, including the global phase, and provide an explicit prescription for constructing the corresponding doubly inhomogeneous waveplate (d-plate) when this condition is satisfied, along with its realization using a finite sequence of singly inhomogeneous plates, including a QHQ configuration. Within this formulation, a broad class of problems in structured light can be treated within a single framework, including vector beam transformations, spin-orbital dynamics, and complex beam shaping. Crucially, the same SU(2) operations directly realize quantum channels on the orbital angular momentum degree of freedom, with polarization serving as a physical ancilla. These results establish a unified and explicitly constructive route to complex beam shaping and vector beam transformations based on SU(2) parameter synthesis, and provide a systematic foundation for designing next-generation photonic elements for structured light and spin-orbit information processing.",physics.optics; quant-ph,2026-05-07,2026-05-07,http://arxiv.org/abs/2605.06566v1,https://arxiv.org/pdf/2605.06566v1
2605.06560v1,$F_K/F_π$ as a precision test of a new four flavor Domain Wall Fermion action,Renwick J. Hudspith; Nicolas Garron; Zack Hall; Andrew Hanlon; Henry Monge-Camacho; Colin Morningstar; Amy Nicholson; Dimitra A. Pefkou; Thomas R. Richardson; Fernando Romero-López; Miguel Salg; Wyatt A. Smith; Pavlos Vranas; André Walker-Loud; Bigeng Wang,"We present a new set of lattice QCD ensembles with four flavors of smeared Möbius Domain Wall Fermions with good chiral symmetry and small fifth-dimensional extent. A modest amount of computing resources was sufficient to generate 30 publicly-available ensembles spanning five lattice spacings and a broad range of pion masses down to physical. To scrutinize our action we determine $F_{K^{\pm}}/F_{π^{\pm}} = 1.1962(34)$, a key quantity for precision CKM unitarity tests, heralding a future of inexpensive high-precision calculations of hadronic observables with chiral fermions.",hep-lat; hep-ph; nucl-th,2026-05-07,2026-05-07,http://arxiv.org/abs/2605.06560v1,https://arxiv.org/pdf/2605.06560v1
2605.06550v1,Hadrons in $\mathcal{N}=2$ supersymmetric QCD from non-Abelian string on 2D black hole,E. Ievlev; A. Marshakov; G. Sumbatian; A. Yung,"We continue the study of non-Abelian vortex string in 4D $\mathcal{N}=2$ supersymmetric QCD as critical superstring, and extend this analysis to $U(N)$ gauge theory with arbitrary even $N$ and $N_f=2N$ number of quarks. We introduce a special mass deformation and show that the SQCD hadron spectrum is still given by the string spectrum on the 2D $\mathcal{N}=2$ supersymmetric black hole. We perform a cross-check by computing the multiplicity of hadronic states of the high-energy part of the spectrum both from string and field theory pictures. We also clarify the spontaneous breaking of the global flavor symmetry by VEV of the massless baryon. We finally claim, that phase diagram of $\mathcal{N}=2$ SQCD with $N_f=2N$ consists of the Higgs phase at weak coupling and string/hadronic phase at strong coupling, separated by phase transition, and is seen as a conifold transition from string theory point of view.",hep-th,2026-05-07,2026-05-07,http://arxiv.org/abs/2605.06550v1,https://arxiv.org/pdf/2605.06550v1
2605.06547v1,Affine Subcode Ensemble Decoding for Degeneracy-Aware Quantum Error Correction,Leo Wursthorn; Jonathan Mandelbaum; Sisi Miao; Hedongliang Liu; Holger Jäkel; Stergios Koutsioumpas; Laurent Schmalen,"Quantum low-density parity-check codes are promising candidates for low-overhead fault-tolerant quantum computing, but degeneracy is known to impair the convergence of belief-propagation (BP) decoding of these codes. In this work, we show that appending linearly independent rows to a check matrix of a stabilizer code can reduce the search space for a valid degenerate solution. Motivated by this, we extend the recently proposed affine subcode ensemble decoding technique from the classical to the quantum setting. Moreover, we employ overcomplete matrices for each decoding path. Monte-Carlo simulations on toric and generalized bicycle codes demonstrate improved convergence and reduced logical error rate.",cs.IT; quant-ph,2026-05-07,2026-05-07,http://arxiv.org/abs/2605.06547v1,https://arxiv.org/pdf/2605.06547v1
2605.06543v1,A Rayleigh criterion for mechanical instability: inducing activity by chemo-mechanical coupling,Aaron Beyen; Francesco Casini; Christian Maes,"Instabilities in thermodynamic systems are often undesirable, as they can lead to loss of control or even catastrophic behavior. Yet, the same mechanisms can also generate rich nonequilibrium behavior and may play a constructive role in living systems. We introduce a theoretical framework, inspired by Rayleigh's analysis of thermoacoustic instabilities, to study the emergence of mechanical activity. In particular, we derive Rayleigh-like criteria governing the onset of activity and the generation of rotational motion in a slow Newtonian probe coupled to driven chemical processes, described by Markov jump processes. These criteria are expressed in terms of the phase relation between entropic and frenetic contributions, providing a transparent condition for when chemical driving results in sustained rotational or active mechanical motion.",cond-mat.stat-mech; cond-mat.soft; math-ph,2026-05-07,2026-05-07,http://arxiv.org/abs/2605.06543v1,https://arxiv.org/pdf/2605.06543v1
2605.06542v1,de Sitter Wavefunction from Quadrangular Polylogarithms: Chain Graphs,Livia Ferro; Tomasz Lukowski; Lecheng Ren; Marcus Spradlin; Anastasia Volovich; He-Chen Weng; Yao-Qi Zhang,"We present an explicit formula for the $n$-site chain graph contribution to the cosmological wavefunction for conformally coupled $φ^3$ theory in de Sitter space. Our result relies on the recent finding that the symbol of this function satisfies total compatibility with respect to the $A_{2n-2}$ cluster algebra, and that Rudenko's quadrangular polylogarithms provide, by construction, a complete basis for such functions. We prove our formula by directly relating a recursive set of differential equations satisfied by these wavefunction coefficients to a recursive coproduct formula for quadrangular polylogarithms.",hep-th,2026-05-07,2026-05-07,http://arxiv.org/abs/2605.06542v1,https://arxiv.org/pdf/2605.06542v1
2605.06504v1,Eigenstates with Infinite Position Moments,Michal Jex,"We prove necessary and sufficient conditions for the Schrödinger operators to have zero-energy bound states at the threshold of the essential spectrum such that they have bounded $k$-th moment. This result is the extension of the results published in D. Hundertmark, M. Jex, and M. Lange [Forum Mathematics, Sigma 11(2023)].",math-ph,2026-05-07,2026-05-07,http://arxiv.org/abs/2605.06504v1,https://arxiv.org/pdf/2605.06504v1
2605.06497v1,The Hagedorn Temperature as a Nonequilibrium Dynamical Bottleneck in String Thermodynamics,Cesar Damian; Oscar Loaiza-Brito,"The Hagedorn regime of string theory is usually understood as an equilibrium limiting phenomenon: the exponential growth of the density of states makes the canonical partition function singular at the Hagedorn temperature, while in the microcanonical description additional energy is absorbed predominantly by highly excited long-string configurations. In this work we revisit this regime from a nonequilibrium perspective using Steepest-Entropy-Ascent Quantum Thermodynamics (SEAQT), where thermodynamic evolution is formulated directly on the state manifold and does not require a globally well-defined canonical ensemble. The inverse temperature is treated as an instantaneous, state-dependent quantity, and we derive its exact scalar evolution equation. In the commuting limit, this dynamics is controlled by higher-order fluctuation moments, showing that the Hagedorn regime may act as a dynamical bottleneck for the response of the effective intensive variable. We then extend the construction to an open-system setting through a system--reservoir splitting of the SEAQT metric and show that reservoir coupling can drive the subsystem toward effective Hagedorn slowing-down. A diagonal Hagedorn evaluation further shows that the strength of this bottleneck depends not only on the exponential density of states, but also on its algebraic prefactor. These results provide a nonequilibrium interpretation of Hagedorn behavior and suggest a connection between long-string dominance, thermodynamic slowing-down, and the breakdown of effective descriptions in quantum gravity.",hep-th; hep-ph,2026-05-07,2026-05-07,http://arxiv.org/abs/2605.06497v1,https://arxiv.org/pdf/2605.06497v1
2605.06473v1,"Engineering a driven-dissipative bath of altermagnetic quantum magnons for controlling classical dynamics of spins hosting spin waves, domain walls, or skyrmions",Felipe Reyes-Osorio; Branislav K. Nikolic,"Using Schwinger-Keldysh field theory (SKFT), we engineer a dissipative and driven (i.e., out of equilibrium) bosonic bath acting on classical localized spins within a ferromagnetic insulator (FI) layer whose dynamics is governed by the Landau-Lifshitz-Gilbert equation, as is usually assumed in spintronics and magnonics. The bosonic bath is comprised of quantum magnons within a layer of altermagnetic insulator (AMI) that is attached to a conventional FI layer, often one of the key ingredients within spintronic and magnonic multilayers, so that interaction between slow classical (in the FI layer) and fast quantum (in the AMI layer) localized spins ensues. Such a bath, including its driving to produce a nonequilibrium distribution of altermagnetic magnons, generates a rich structure of the SKFT-derived extended LLG equation for classical spins within the FI layer. Our LLG equation contains two damping terms, both of which are spatially nonlocal and anisotropic, while one of them is also intrinsically non-Markovian, i.e., nonlocal in time. We demonstrate how to exploit these terms for tuning spintronic and magnonic effects within the FI layer of AMI/FI bilayers that involve spin wave or domain wall propagation, as well as skyrmion annihilation.",cond-mat.mes-hall; quant-ph,2026-05-07,2026-05-07,http://arxiv.org/abs/2605.06473v1,https://arxiv.org/pdf/2605.06473v1
2605.06465v1,Non-planar corrections in the symmetric orbifold,Matthias R. Gaberdiel; Beat Nairz; Cheng Peng,"We calculate the non-planar corrections to the anomalous dimensions of certain quarter BPS states in the symmetric product orbifold $\text{Sym}^N \big({\mathbb{T}^4}\big)$. We find that some of the degeneracies in the spectrum for large twist $w$ and large $N$ are lifted by these contributions. We furthermore find signatures of quantum chaos, namely level repulsion and random matrix statistics. This suggests that integrability is only present in the symmetric orbifold in the planar (i.e. large $N$) limit.",hep-th,2026-05-07,2026-05-07,http://arxiv.org/abs/2605.06465v1,https://arxiv.org/pdf/2605.06465v1
2605.06461v1,Quantum spin dynamics of heavy quarks and polarization observables in relativistic heavy-ion collisions,Sunil Jaiswal; Sourav Dey; Amaresh Jaiswal,"We develop a quantum spin-density-matrix framework for heavy-quark spin dynamics in relativistic heavy-ion collisions. Starting from an initial polarization induced along the magnetic-field direction, we derive the evolution equation for spin polarization within this framework and obtain analytic solutions. The evolved polarization is connected to open heavy-flavor observables via a fragmentation-based hadronization prescription. For vector mesons, the spin-alignment parameter $ρ_{00}$ is constructed by coupling the heavy-quark spin to that of the light antiquark produced during fragmentation. We confront our results with recent ALICE measurements of prompt $D^{*+}$ spin alignment in Pb--Pb collisions at $\sqrt{s_{\rm NN}}=5.02~{\rm TeV}$ and extract an effective depolarization strength that determines the spin-relaxation time scale. Using this fitted parameter, we provide benchmark estimates for $Λ_c^+$ and $\barΛ_c^-$ polarization, up to an overall spin-transfer normalization. We further estimate the recently proposed elliptic polarization harmonic arising from path-length-dependent depolarization in an anisotropic fireball.",hep-ph; nucl-th,2026-05-07,2026-05-07,http://arxiv.org/abs/2605.06461v1,https://arxiv.org/pdf/2605.06461v1
2605.06452v1,Tight Contraction Rates for Primitive Channels under Quantum $f$-Divergences,Matthew Simon Tan; Marco Tomamichel; Ian George,"Data-processing inequalities capture the phenomenon that two probability distributions can only become less distinguishable under any common post-processing. For more fine-grained inequalities, one turns to strong data-processing inequality (SDPI) constants, which give the strongest inequalities for a given channel and reference state for a fixed measure of distinguishability. These quantities have been used to quantify the rate at which time-homogeneous Markov chains contract towards a fixed point both in the classical and quantum setting. In this work, we establish that quantum $f$-divergences satisfy a local reverse Pinsker inequality, which implies the asymptotic contraction rate of a primitive channel to its stationary state is upper bounded by the SDPI constant of any non-commutative $χ^2$-divergence. Using quantum-detailed balance, we establish a sufficient condition for these bounds to be tight. Finally, we apply these results to Petz, Matsumoto, and Hirche-Tomamichel $f$-divergences, establishing new and strengthening previously known results.",quant-ph; cs.IT,2026-05-07,2026-05-07,http://arxiv.org/abs/2605.06452v1,https://arxiv.org/pdf/2605.06452v1
2605.06436v1,Criticality around the Spinodal Point of First-Order Quantum Phase Transitions,Fan Zhang; Chiao Wang; H. T. Quan,"Universality and scaling are hallmarks of second-order phase transitions but are generally unexpected in first-order quantum phase transitions (FOQPTs). We present a microscopic theory showing that quantum criticality can emerge around the quantum spinodal point of FOQPTs where metastability disappears. We demonstrate that, at this instability, resonant local excitations dynamically decouple a Hilbert subspace characterized by an emergent discrete translational symmetry. Projecting the original Hamiltonian onto this subspace yields an effective Hamiltonian that exhibits a genuine second-order quantum phase transition (SOQPT) and the Kibble-Zurek scaling. We validate this framework in the tilted Ising chain which breaks Z_2 symmetry, and predict the absence of criticality in the staggered-field PXP model. This work indicates that the FOQPT dynamics is usually governed by an emergent critical point around the quantum spinodal point. Our study establishes a bridge between the dynamics of the FOQPT and SOQPT, and thus sheds new light on the long-standing conundrum of the dynamics of the FOQPT.",cond-mat.stat-mech; quant-ph,2026-05-07,2026-05-07,http://arxiv.org/abs/2605.06436v1,https://arxiv.org/pdf/2605.06436v1
2605.06430v1,Revisiting the multi-mode rhombus circuit as a biased-noise qubit,Pablo Aramburu Sanchez; Trevyn F. Q. Larson; Anthony P. McFadden; Constantin Schrade; Joshua Combes; András Gyenis,"In this work, we revisit the idea of using an interferometer of pairs of Josephson junctions as a protected rhombus qubit. Unlike in the original proposal, where the qubit states are encoded into odd and even parity charge states, here, we intentionally alter the energy of one of the junctions to investigate the soft version of the rhombus qubit. This approach allows us to directly probe the qubit transitions over several GHz and reduce the potential drawbacks of the interferometer-based protection. Away from a half flux quantum external field, the large shunting capacitors of the circuit ensure localized qubit states in different phase valleys, leading to a biased-noise qubit. In the realized circuit, we measure an average $T_1\approx500\,μ$s relaxation time in the biased-noise regime (with a Ramsey dephasing time of $T^{R}_\varphi\approx90\,$ns), while an average $T_1\approx27\,μ$s relaxation time at frustration (with $T^{R}_\varphi\approx670\,$ns). Our loss analysis on this multi-mode circuit indicates that at low frequencies, flux noise and quasiparticle tunneling limit the relaxation times, pointing toward the presence of an optimal operating regime of around a few GHz.",quant-ph,2026-05-07,2026-05-07,http://arxiv.org/abs/2605.06430v1,https://arxiv.org/pdf/2605.06430v1
2605.06429v1,$\mathsf{GL}_N(\mathbb{C})$ Brownian motion and stochastic PDE on entire functions,Theodoros Assiotis; Zahra Sadat Mirsajjadi,"We construct the full edge scaling limit of the singular values of Brownian motion on the general linear group $\mathsf{GL}_N(\mathbb{C})$ starting from general conditions. We show that the limiting paths solve an infinite system of SDE with log-interaction and have a Gibbs resampling property with exponential Brownian bridges. Moreover, we show that the evolution of the limiting rescaled reverse characteristic polynomial solves a stochastic partial differential equation with a non-linear multiplicative noise and linear drift. From a special initial condition the resulting line ensemble coincides, in logarithmic coordinates, with a line ensemble constructed by Ahn which arises as a universal scaling limit of singular values of products of random matrices. We prove some analogous results on the evolution of limiting characteristic polynomials for two models whose stationary measures are given by the Hua-Pickrell and Bessel stochastic zeta functions respectively.",math.PR; math-ph,2026-05-07,2026-05-07,http://arxiv.org/abs/2605.06429v1,https://arxiv.org/pdf/2605.06429v1
2605.06427v1,Multitime memory beyond the quantum regression theorem in sequential measurement statistics,Paolo Luppi; Claudia Benedetti; Andrea Smirne,"We investigate the presence of memory in the sequential measurement statistics of an open quantum system, as witnessed by the departure from the quantum regression theorem (QRT), that is, the possibility to predict multitime probabilities from the one-time reduced dynamical map. For factorized initial states, we identify an exact decomposition of the two-time propagator into a QRT-like contribution, fully determined by the reduced dynamical map, and a memory term encoding system--environment correlations across the intervention; in the weak-coupling regime, the memory term yields an explicit second-order correction expressed in terms of the reduced map and bath correlation functions. Furthermore, we introduce an operational quantifier of QRT violations based on the distance between exact and QRT-predicted joint probabilities. Benchmarking the framework on a spin--boson model and using a pseudomode embedding as nonperturbative reference, we comprehensively analyze the impact of spectral-density parameters, environmental temperature, and measurement protocols on the non-Markovianity of the multitime statistics. Comparison with a one-time quantifier shows that reduced-state non-Markovianity and multitime memory are related but inequivalent: the latter, as probed through sequential statistics, is intrinsically protocol dependent and can become visible at higher temporal order even when two-time statistics remain compatible with QRT predictions.",quant-ph,2026-05-07,2026-05-07,http://arxiv.org/abs/2605.06427v1,https://arxiv.org/pdf/2605.06427v1
2605.06425v1,Comparative Study of Potts Machine Dynamics and Performance for Max-k-Cut,Bjarke Almer Frederiksen; Robbe De Prins; Peter Bienstman,"Combinatorial optimization problems in logistics, finance, energy, and scheduling routinely involve multi-state decision variables. Ising machines (IMs) require binary expansions (e.g., one-hot encoding) to encode such variables, whereas Potts machines (PMs) represent them natively. By doing so, PMs are expected to outperform IMs on multi-state problems. To the best of our knowledge, no systematic study of PM models has yet assessed whether this expectation holds. We therefore benchmark five representative PMs against a reference IM on Max-3-Cut and Max-4-Cut, using 800-vertex GSet graphs and random graphs of up to 50 vertices. Surprisingly, the reference IM still outperforms every PM, and the IM supremacy increases significantly in going from Max-3-Cut to Max-4-Cut. These results provide clear evidence that current PM dynamics underperform relative to binary approaches, even in regimes where they are presumed advantageous. We provide a way forward by quantifying the underperformance of current PMs, as well as by identifying three dynamical properties that correlate strongly with their performance ranking. Our work stresses the need for more systematic assessments of algorithmic performance in order to guide the design of more effective Potts machines.",cond-mat.stat-mech; math-ph; nlin.AO; nlin.CG; physics.app-ph,2026-05-07,2026-05-07,http://arxiv.org/abs/2605.06425v1,https://arxiv.org/pdf/2605.06425v1
2605.06424v1,Finite-Time Optimal Control by Noisy Traps,Luca Cocconi; Henry Alston; Thibault Bertrand,"The optimal control of passive systems in equilibrium typically favours quasistatic (infinite-time) protocols. We show that a breakdown of quasistatic optimality occurs when the controller itself is dissipative. Concretely, we study a Brownian particle confined by a harmonic trap with stochastically fluctuating stiffness, driven by an external protocol. When these fluctuations violate detailed balance, the probe-controller coupling continuously exchanges work with the system, altering the optimisation landscape. In this regime, optimal protocols are characterised by a finite duration which vanishes above a critical fluctuation strength. This transition can be directly observed in a short-time expansion of the mean work functional. When imposing an endpoint constraint, the transition to zero duration disappears and finite duration protocols remain optimal for all values of the controller fluctuations. These results demonstrate that finite-time optimality can emerge in passive systems under nonequilibrium control.",cond-mat.stat-mech; math-ph,2026-05-07,2026-05-07,http://arxiv.org/abs/2605.06424v1,https://arxiv.org/pdf/2605.06424v1
2605.06418v1,On the non-radial oscillations of realistic anisotropic neutron stars: Axial modes,Jose F. Rodriguez-Ruiz; L. M. Becerra; F. D. Lora-Clavijo,"Non-radial oscillation modes of neutron stars serve as diagnostics of their internal composition and relativistic structure. In this work, we investigate the perturbations of static and spherically symmetric neutron stars characterized by an anisotropic pressure. Given the background symmetry, perturbations decouple into polar and axial modes. To date, axial modes have remained less explored, primarily because matter and metric perturbations decouple in the isotropic limit. In this work, we provide a consistent treatment of axial modes and demonstrate that pressure anisotropy induces a direct coupling between matter and metric perturbations. We employ parameterized anisotropy models that ensure consistency with the treatment of matter perturbations. We numerically integrate the linearized Einstein field equations for the axial modes, employing a diverse set of realistic equations of state. Our results indicate that as the stellar mass grows, the frequency of the lower $w$-mode generally decreases, while its damping time increases. Softer equation of states typically yield slightly higher oscillation frequencies. Furthermore, larger anisotropy (i.e., when the tangential pressure exceeds the radial pressure) allows for more massive equilibrium configurations, which correspondingly leads to lower oscillation frequencies and prolonged damping times. Finally, we demonstrate that the frequency and damping time, both scaled by the stellar mass, exhibit a nearly universal quadratic dependence on the stellar compactness, remaining largely insensitive to both the underlying equation of state and the specific anisotropy model.",gr-qc; astro-ph.HE,2026-05-07,2026-05-07,http://arxiv.org/abs/2605.06418v1,https://arxiv.org/pdf/2605.06418v1
2605.06414v1,A Residual-Based Quantum Linear System Algorithm with Dynamic Stopping and Applications to Elliptic PDEs,Xiantao Li,"Quantum linear-system algorithms (QLSAs) have rigorous worst-case complexity guarantees, but their runtimes are often chosen from spectral information assumed in advance. What is largely lacking is an a posteriori progress flag: most QLSA workflows, unlike the classical counterparts, do not provide a built-in mechanism to signal whether a particular instance has already converged.   For discretizations of elliptic PDEs $-\nabla\cdot(a(x)\nabla u(x))=f(x),$ with divergence--gradient structure \[   -\nabla\cdot \big(a(x)\nabla) \approx A_h=G_h^\dagger G_h, \] we formulate a stable first-order ODE whose limiting solution block is the desired Galerkin solution. The PDE-dependent scale is then \(\norm{G_h}=\bigO(h^{-1})\), comparable to factorized QLSA constructions with square-root condition-number scaling. We design an augmented dynamics with residual variables, in which measuring a residual register gives an on-the-fly convergence indicator without reconstructing the solution vector. For smooth right-hand sides, dynamic stopping can reduce the evolution time and gate count relative to a fixed worst-case schedule, and may also reduce exposure to accumulated hardware errors. Numerical experiments for a two-dimensional finite element Poisson problem show that the residual-register probability follows the actual error decay and, for some right-hand sides, can stop the quantum circuit well before a conservative worst-case runtime estimate is reached.",quant-ph,2026-05-07,2026-05-07,http://arxiv.org/abs/2605.06414v1,https://arxiv.org/pdf/2605.06414v1
2605.06412v1,"GTMDs, orbital angular momentum, and pretzelosity",Brean Maynard; Peter Schweitzer,"The leading Generalized Transverse Momentum Dependent parton distributions (GTMDs) are studied in the bag model. The model description is shown to be theoretically consistent. The orbital angular momentum is studied in terms of the GTMD $F_{1,4}^q$ and Ji sum rule. Analytical proofs of the associated sum rules are given. A deeper relationship between orbital angular momentum and the pretzelosity TMD is established in this model.",hep-ph; nucl-th,2026-05-07,2026-05-07,http://arxiv.org/abs/2605.06412v1,https://arxiv.org/pdf/2605.06412v1
2605.06410v1,Spin and Quadrupole Sectors in Nonrelativistic Gravity,Utku Zorba,"We study the large-$c$ expansion of general relativity in ADM variables. Using a unified even $ω$-expansion, the ADM formulation gives a common starting point for Galilean and Carrollian limits. We focus on the Galilean branch and derive the ADM action and field equations up to NNLO. We then construct stationary vacuum solutions in weak and strong branches. In the weak branch, we find NLO Kerr-type, Hartle-Thorne-type and mixed-type solutions. The NLO weak equations also allow a simple extension to higher mass multipoles. At NNLO, the weak Kerr-type and extended Hartle-Thorne-type sectors solve the equations separately, but their naive sum is not a solution. The nonlinear NNLO equations generate mixed $J^2Q$ source terms, which require additional corrections to the NNLO lapse and NNLO spatial tensor field. This gives a mixed weak-branch Galilean solution in the ADM gauge. In the strong branch, Kerr-type data solve the equations through NNLO while the strong Hartle-Thorne-type data solve the NLO equations. We also explain how the ADM data can be reconstructed into approximate spacetime metrics. Since these metrics include spin, quadrupole and mixed spin-quadrupole effects, they may be useful for studying the spacetime around rotating compact objects such as black holes and neutron stars.",gr-qc; hep-th,2026-05-07,2026-05-07,http://arxiv.org/abs/2605.06410v1,https://arxiv.org/pdf/2605.06410v1
2605.06399v1,A polar-factor retraction on the symplectic Stiefel manifold with closed-form inverse,Ralf Zimmermann,"In Riemannian computing applications, it is crucial to map manifold data to a Euclidean domain, where vector space arithmetic is available, and back. Classical manifold theory guarantees the existence of such mappings, called charts and parameterizations, or, collectively, local coordinates. When computational efficiency is of the essence, practitioners usually resort to retraction maps to define local coordinates. Retractions yield first-order approximations of the Riemannian normal coordinates. This work introduces a new retraction on the symplectic Stiefel manifold that features a closed-form inverse. We expose essential features and compare the numerical performance to a selection of existing retractions. To the best of our knowledge, prior to this work, the so-called Cayley retraction was the only retraction on the symplectic Stiefel manifold with known closed-form inverse.",math.NA; math-ph; math.DG,2026-05-07,2026-05-07,http://arxiv.org/abs/2605.06399v1,https://arxiv.org/pdf/2605.06399v1
2605.06397v1,Photonic-Implemented Efficient Deep Quantum Neural Network via Virtual-Driven Hilbert Space Expansion,Haoran Ma; Huihui Zhu; Zichao Zhao; Qishen Liang; Liao Ye; Baojie Hou; Jia Guo; Leong Chuan Kwek; Mile Gu; Jayne Thompson; Wei Luo; Yuehai Wang; Jianyi Yang,"The growing computational demands of classical neural networks have intensified the search for energy-efficient and powerful computational alternatives. Quantum neural networks (QNNs) implemented on integrated photonic platforms offer a compelling avenue, offering exceptional computational power enhancements, with inherent programmability and scalability of integrated architectures. A critical challenge, however, is implementing the fundamental non-unitary and nonlinear activation function of QNNs within a linear quantum photonic system. Existing strategies, such as the adding ancillary qubits and measurement-based feedback or forward are constrained by high qubit resource costs, overhead devices, and poor cascadability. Here, we propose a novel deep photonic QNN with an expanded computational Hilbert space via input replication and mode expansion, which enables the realization of effective non-unitary and nonlinear activation on a linear programmable quantum photonic chip. This approach eliminates the need for physical ancillary qubits, measurement-induced qubit consumption and the measurement device burden, thereby significantly reduce resource costs. The fabricated chip integrates four high-quality entanglement sources and a programmable high-dimensional interferometric network, enabling a two-hidden-layer QNN that exhibits dimension-enhanced expressivity over the existing QNN architectures. We demonstrate its capabilities across diverse tasks, including nonlinear classification, image generation, and quantum Gibbs state preparation. This work establishes a scalable and efficient architecture toward practical quantum deep learning systems capable of tackling problems beyond the reach of classical computation.",quant-ph,2026-05-07,2026-05-07,http://arxiv.org/abs/2605.06397v1,https://arxiv.org/pdf/2605.06397v1
2605.06396v1,Dynamical cooling driven by self-similar fronts in the 2D nonlinear Schrödinger model,Jason Laurie; Simon Thalabard; Sergey Nazarenko,"We analyze the dynamics towards partial thermalization and subsequent cooling in the defocusing two-dimensional nonlinear Schrödinger model, using direct simulations and insights from the wave-kinetic equations (WKE) and a fourth-order differential approximation model (DAM). We show that the evolving WKE spectrum exhibits two distinct similarity ranges--the quasi-thermal core and the ultraviolet tail--whereas in the DAM, an additional range of infrared self-similarity appears. By stretching the quasi-thermal region, the self-similar fronts drive an effective dynamical cooling process towards the formal but ill-defined equilibrium state at vanishing temperature--analogous to an ultraviolet catastrophe in a system of classical waves.",math-ph; cond-mat.stat-mech; physics.flu-dyn; physics.optics,2026-05-07,2026-05-07,http://arxiv.org/abs/2605.06396v1,https://arxiv.org/pdf/2605.06396v1
2605.06394v1,Lecture Notes on Statistical Physics and Neural Networks,Olaf Hohm,"These lecture notes introduce some topics of classical statistical physics, particularly those that are relevant for neural networks and deep learning. Statistical physics is treated as a branch of probability theory or statistics, with the goal of making concepts such as phase transitions and the renormalization group accessible to readers without prior knowledge of physics. We introduce the Boltzmann-Gibbs distribution and the thermodynamic potentials on a finite configuration space, notably for Ising spins and spin-glass models on a lattice, and then define phase transitions as discontinuities that arise in the limit that the number of lattice points goes to infinity. We further introduce Hopfield networks and Boltzmann machines, which are governed by the same energy function as spin-glass models, and discuss the learning algorithm for restricted Boltzmann machines. In this algorithm hidden neurons are integrated out as in the renormalization group. Finally, modern deep learning is introduced, whose early developments were in part motivated by restricted Boltzmann machines in that they carry many layers of hidden neurons. A description of large language models is given.",cond-mat.dis-nn; hep-th,2026-05-07,2026-05-07,http://arxiv.org/abs/2605.06394v1,https://arxiv.org/pdf/2605.06394v1
2605.06379v1,Systematic Extraction of Exact Yang-Mills Solutions via Algebraic Tensor Ring Decomposition,Yu-Xuan Zhang; Jing-Ling Chen,"The non-linear nature of Yang-Mills theory presents a challenge for extracting exact classical solutions, which are useful for understanding non-perturbative vacuum structures. In this paper, an algebraic tensor ring decomposition framework is introduced to systematically map the non-linear partial differential equations (PDEs) of Yang-Mills theory into tractable differential-algebraic systems. By promoting static pure-gauge backgrounds to dynamical variables, the reference state acts as a geometric template whose Maurer-Cartan forms generate the algebraic cross-terms necessary to stabilize non-linear self-interactions. To analytically resolve the resulting differential ideals, specific differential-algebraic quotient rings are employed as evaluation tools, and the solution space is organized by an algebraic bifurcation analysis. Applying this framework, three distinct classes of exact solutions are extracted: (i) relativistic $SU(2)$ color waves evaluated over an elliptic quotient ring, where the differential ideal bifurcates into a Decoupled Branch and two Coupled Branches, the latter exhibiting mass gap generation; (ii) dynamical dyonic flux tubes obtained from a time-dependent helical template, where the Gauss law ideal bifurcates the system into Coulomb, Dyonic, and symmetric Meissner branches. In the Meissner branch, an Artinian asymptotic truncation yields Bessel-type exponential screening, stabilized by a temporal dominance condition; and (iii) dynamical $SU(3)$ configurations where the Gauss law ideal bifurcates the solution space into four distinct phases. The non-trivial branches enforce a kinetic cancellation mechanism that maps the amplitude dynamics onto a generalized $x^2y^2$ chaotic oscillator. Across these settings, the framework provides a methodical approach to characterize the classical solution space of strongly coupled gauge theories.",hep-th; math-ph; quant-ph,2026-05-07,2026-05-07,http://arxiv.org/abs/2605.06379v1,https://arxiv.org/pdf/2605.06379v1
2605.06372v1,Coherence limitations of a Fourier-engineered $\cos(2\varphi)$ transmon qubit,Nataliia K. Zhurbina; Siddharth Singh; Lukas J. Splitthoff; Eugene Y. Huang; Figen Yilmaz; A. Mert Bozkurt; Christian Kraglund Andersen,"Intrinsically protected superconducting qubits are a promising route toward enhancing coherence times and advancing hardware towards applications in quantum computing. The $\cos(2\varphi)$ qubit achieves protection against qubit relaxation by allowing only the coherent tunneling of pairs of Cooper pairs, resulting in Cooper-pair parity symmetry and thereby suppressing charge-induced errors. In this work, we experimentally realize a $\cos(2\varphi)$ qubit by Fourier engineering the energy-phase relation in a multi-junction superconducting circuit. Using an interference-based architecture, we are able to suppress the odd harmonics of an effective qubit potential and we observe good agreement between the measured transition spectrum and the effective theoretical model. We further investigate the energy relaxation time as a function of external flux and find that the qubit lifetime at the flux symmetry point is limited by $1/f$ flux noise. This strong sensitivity arises from residual fluctuations in the first harmonic, which possesses a large prefactor despite being nominally canceled. In contrast, a fluxonium qubit with a similar energy spectrum and noise amplitude is less affected by flux noise, highlighting a key challenge for interference-based protection schemes.",quant-ph,2026-05-07,2026-05-07,http://arxiv.org/abs/2605.06372v1,https://arxiv.org/pdf/2605.06372v1
2605.06321v1,"Gravitational Lensing of Gravitational Waves from Astrophysical Sources: Theory, Detection, and Applications",Zhiwei Chen; Youjun Lu,"Gravitational waves (GWs) from distant sources such as inspiralling and merging stellar-mass compact binaries, intermediate-mass and supermassive-binary-black-hole can be gravitationally lensed by intervening objects, ranging from stars and primordial black holes to galaxies and clusters. Depending on the GW wavelength relative to the lens scale, lensing occurs in two regimes: geometric optics, producing multiple images with time delays and magnifications, and wave optics, resulting in frequency-dependent waveform modulations. Lensed signals are identified via parameter overlap between event pairs or characteristic frequency-dependent modulations that distinguish them from unlensed signals. Detection rates depend on the redshift and mass distributions of sources and lenses, with promising prospects for future observatories. Once confirmed, lensed GWs will be powerful probes of fundamental physics and cosmology: they can constrain dark matter, lensing structures, the Hubble constant, and other cosmological parameters. In this review, we provide a concise overview of GW lensing, covering the theoretical framework, predicted detection rates, search strategies, and applications. We conclude with prospects and future directions for observing and exploiting lensed astrophysical GW events.",astro-ph.HE; gr-qc,2026-05-07,2026-05-07,http://arxiv.org/abs/2605.06321v1,https://arxiv.org/pdf/2605.06321v1
2605.06312v1,Ablation Removal of Transport-Blocking Defects in Surface-Electrode Ion Traps,Toby Maddock; Parsa Rahimi; Matthew Aylett; Rares Barcan; Sebastian Weidt; Winfried Karl Hensinger,"We demonstrate in situ removal of a transport-blocking defect on a surface-electrode ion trap device using a Q-switched Nd:YAG 532 nm pulsed ablation laser. This approach eliminates the need to vent and rebake the vacuum system, providing a low-overhead defect-remediation technique well suited for ion-shuttling architectures where system modifications typically incur substantial downtime - particularly in shuttling focussed experiments operating at temperatures that necessitate bakes. Additionally, the hardware used is readily available in many ion trap laboratories, making this solution attractive to experiments operating in such regimes. Following ablation, we observe near-unit shuttling success rates across the previously obstructed region and measure micromotion levels that remain within acceptable limits. This technique enables rapid, reliable restoration of transport pathways without interruption to experimental operation.",quant-ph,2026-05-07,2026-05-07,http://arxiv.org/abs/2605.06312v1,https://arxiv.org/pdf/2605.06312v1
2605.06297v1,Macroscopic entanglement between two magnon modes via two-tone driving of a superconducting qubit,Rong-Can Yang; Gang Liu; Gen Li; Jie Li,"The cavity-mediated coupling between magnons in an yttrium-iron-garnet (YIG) sphere and a superconducting qubit has recently been demonstrated as a new platform for preparing macroscopic quantum states. Here, based on this system, we propose to entangle two magnon modes in two YIG spheres by driving the qubit with a two-tone field and by appropriately choosing the frequencies and strengths of the two driving fields. We show that strong entanglement can be achieved with fully feasible parameters. We further provide a detection scheme for experimentally verifying the entanglement. Our results indicate that macroscopic entanglement between two magnon modes in two millimeter-sized YIG spheres, involving more than $10^{18}$ spins, can be realized using currently available parameters, which finds promising applications in fundamental studies, such as macroscopic quantum mechanics and the test of unconventional decoherence theories.",quant-ph; cond-mat.mes-hall; physics.optics,2026-05-07,2026-05-07,http://arxiv.org/abs/2605.06297v1,https://arxiv.org/pdf/2605.06297v1
2605.06296v1,From flat to narrow bands: Engineering quantum emission in a one-dimensional Lieb lattice,Zhiyong Liu; Yue Sun; Ying Hu,"We develop a comprehensive theoretical framework that unifies quantum emission dynamics in one-dimensional Lieb lattices, bridging the gap between ideal flat-band coherence and realistic narrow-band dissipation. By coupling an emitter to sublattices with finite flat-band wavefunction overlap, we activate a collective, size-independent interaction fundamentally distinct from dispersive-band processes. Controllably breaking lattice symmetry transforms the flat band into a narrow dispersive band, enabling a continuous crossover from non-Markovian to Markovian dynamics governed by the competition between coupling strength and engineered bandwidth. Crucially, we derive explicit scaling laws that provide a quantitative blueprint for tuning spontaneous emission from coherent trapping to Markovian decay. Our work provides a unified framework that connects idealized flat-band physics to emerging narrow-band platforms such as moir$\rm\acute{e}$ photonic crystals, offering a practical toolkit for interpreting experiments and engineering quantum emission in structured photonic environments.",physics.optics; quant-ph,2026-05-07,2026-05-07,http://arxiv.org/abs/2605.06296v1,https://arxiv.org/pdf/2605.06296v1
2605.06287v1,Half-Spacetime Gauging of 2-Group Symmetry in 3d,Davide Bason; Wei Cui; Lorenzo Ruggeri,"We construct a class of non-invertible duality defects, in (2+1)d quantum field theories, arising from half-spacetime gauging of a 2-group symmetry. Starting from a parent theory with two discrete and Abelian 0-form symmetries and a prescribed mixed anomaly, we show that gauging one factor produces a theory with a 2-group symmetry, while gauging the other yields a theory with a non-invertible 0-form symmetry, whose fusion rules we derive explicitly. When the parent theory possesses three such symmetries with a cyclic anomaly structure, gauging different factors can produce mutually dual theories and the half-spacetime gauging of the 2-group is implemented by a non-invertible duality defect, whose fusion rules we obtain. We illustrate the construction with explicit examples, including a $U(1)\times U(1)\times U(1)$ gauge theory and a general class of product theories. We also include a self-contained pedagogical introduction to the cohomological tools employed throughout the article.",hep-th,2026-05-07,2026-05-07,http://arxiv.org/abs/2605.06287v1,https://arxiv.org/pdf/2605.06287v1
2605.06284v1,Local distillation from Reed Muller codes unfolding,Vivien Londe,"We generalize the unfolding of a Reed Muller distillation factory of Ruiz et. al. by exhibiting the algebraic structure that the unfolding is based on. We describe a 2D local layout for the Z stabilizers of a distance 4 Reed Muller distillation factory and a 3D local layout for the Z stabilizer of a distance 4 and a distance 7 Reed Muller distillation factory. Given input T states with infidelities $p=10^{-3}$, the 2D local distillation factory with distance 4 outputs a CCZ state with infidelity $p=8.256 \times 10^{-9}$ and the 3D local distillation factory with distance 7 outputs a T state with infidelity $p=1.1811 \times 10^{-17}$.",quant-ph,2026-05-07,2026-05-07,http://arxiv.org/abs/2605.06284v1,https://arxiv.org/pdf/2605.06284v1
2605.06271v1,A Comparative Study of Mass Extraction Schemes and $π^\pm-ρ^\pm$ Mixing,Ziyue Wang,"We study the origin of the non-monotonic magnetic-field dependence of the lowest charged pion excitation observed in lattice QCD. In a magnetic field, the charged pion mixes with the longitudinally polarized charged rho meson, which shares the same quantum numbers. Within the SU(2)$_f$ Nambu--Jona-Lasinio model supplemented by a gauge invariant tree-level $π-ρ$ mixing operator constrained by the experimental $ρ^\pm\rightarrowπ^\pmγ$ decay width, we compare four mass-extraction schemes: rest-mass reconstruction, local bosonization, direct determinant solving with Landau projection, and near-pole expansion. The rest-mass scheme cannot reproduce the lattice-type turnover, while in the local derivative-expansion scheme the turnover presence but is weak which occurs at large magnetic field. By contrast, the direct determinant and near-pole schemes both retain a robust non-monotonic lowest mode. The former is most faithful to the Landau-level kinematics of the charged excitation, while the latter most clearly shows that residue suppression enhances the effective mixing after canonical normalization. Our results indicate that the lattice behavior is a genuine quasiparticle mixing effect, but one whose robustness depends crucially on how the charged-meson pole structure is extracted in a magnetic field.",hep-ph; nucl-th,2026-05-07,2026-05-07,http://arxiv.org/abs/2605.06271v1,https://arxiv.org/pdf/2605.06271v1
2605.06263v1,Beating noise in frequency estimation with squeezing and memory in continuous-variable systems,Ayan Patra; Manju; Aditi Sen De; Matteo G. A. Paris,"Quantum metrology promises precision beyond classical limits, yet environmental noise typically degrades the quantum resources required for such enhancement. In this work, we investigate frequency estimation in noisy continuous-variable systems, focusing on two complementary strategies to mitigate decoherence: Hamiltonian engineering and the exploitation of non-Markovian dynamics. By embedding squeezing directly into the system Hamiltonian, we show that the quantum Fisher information (QFI) may acquire a tunable higher-order time dependence, leading to enhanced sensitivity in the short-time regime. Moving beyond the Markovian approximation, we employ the quantum Brownian motion model to demonstrate that structured environments with finite memory can induce information backflow, temporarily restoring and even improving estimation precision relative to the unitary limit. We further assess the achievability of these bounds via Gaussian measurements, identifying regimes where homodyne, heterodyne, and optimized general-dyne measurements saturate the QFI, and noting that stronger squeezing widens the gap, potentially requiring non-Gaussian measurement strategies. Our results establish that jointly tailoring system Hamiltonian and environmental memory offers a viable route toward robust quantum-enhanced frequency estimation in open systems.",quant-ph,2026-05-07,2026-05-07,http://arxiv.org/abs/2605.06263v1,https://arxiv.org/pdf/2605.06263v1
2605.06251v1,Meromorphic Quantum Computing,Simon Burton; Hussain Anwar,"We consider the kinematic axioms of quantum mechanics projectively. Instead of normalized (pure) states up to global phase, states become one-dimensional subspaces of vector spaces. This process of projectivization is functorial and lax monoidal. For qubits it identifies the Bloch sphere with the Riemann sphere. We interpret a fragment of the ZXW-calculus projectively and thereby provide an alternate derivation of the arithmetic GHZ/W-calculus of Coecke et al. We find meromorphic functions that characterize the coherent behaviour of circuits for logical state preparation of quantum codes and magic state distillation.",quant-ph,2026-05-07,2026-05-07,http://arxiv.org/abs/2605.06251v1,https://arxiv.org/pdf/2605.06251v1
2605.06249v1,Finite-size general security for differential phase shift keying via variable-length quantum key distribution,Carlos Pascual-García,"Differential phase shift keying (DPSK) constitutes a pathway towards practical quantum key distribution by using affordable commercial technologies, and robust theoretical foundations. Recent advances in the security of DPSK have proven its security against general adversaries, albeit requiring limitations, including strong repetition rate constraints at the security proof and costly statistical estimators. In this work, we overcome said limitations by leveraging recent techniques in variable-length general security by using entropy accumulation techniques based on Rényi leftover hashing, together with conic optimization methods. Our approach achieves secret key rates with $10^5$ signals beyond 12 dB, constituting a robust proof of the experimental implementability of industrial-grade DPSK.",quant-ph,2026-05-07,2026-05-07,http://arxiv.org/abs/2605.06249v1,https://arxiv.org/pdf/2605.06249v1
2605.06224v1,"Modular wedge localization, Majorana fields and the Tsirelson limit of the Bell-CHSH inequality",J. G. A. Caribé; M. S. Guimaraes; I. Roditi; S. P. Sorella,"The massive Majorana field in $1+1$ dimension is employed to investigate the violation of the Bell-CHSH inequality in relativistic Quantum Field Theory. We give an explicit rapidity-space realization of the Summers-Werner modular-localization construction and reduce the vacuum Bell-CHSH correlator to a single spectral weight $h^2(ω)$ for the modular operator. The resulting analytic families approach the Tsirelson bound in the vacuum state as their spectral weight concentrates near $ω\approx0$, corresponding to the eigenvalue $λ^2 \approx 1$ of the modular operator.",hep-th; math-ph; quant-ph,2026-05-07,2026-05-07,http://arxiv.org/abs/2605.06224v1,https://arxiv.org/pdf/2605.06224v1
2605.06193v1,Causal self-dual nonlinear electrodynamics from the Born-Infeld theory,Sergei M. Kuzenko; Jonah Ruhl,"Recently we have proposed a new auxiliary-field formulation for self-dual nonlinear electrodynamics (NLED) which makes use of two building blocks: (i) a seed self-dual theory $L(F_{μν};g)$, where $F_{μν}$ is the electromagnetic field strength and $g$ a duality-invariant coupling constant; and (ii) a scalar potential $W(ψ)$. Our formulation is based on the Lagrangian $ \mathfrak{L}(F_{μν};ψ) = L(F_{μν};ψ) + W(ψ)$, where $ψ$ is an auxiliary scalar field. Integrating out $ψ$, using its equation of motion, one obtains a $\mathsf{U}(1)$ duality-invariant NLED. Different self-dual NLEDs are derived by choosing different potentials $W(ψ)$. In the case that the seed Lagrangian defines the Born-Infeld theory, in this paper we demonstrate that the resulting models for self-dual NLED are causal and provide a general solution of the self-duality equation. We also elaborate on the procedure to relate our formulation to that developed by Russo and Townsend.",hep-th; math-ph,2026-05-07,2026-05-07,http://arxiv.org/abs/2605.06193v1,https://arxiv.org/pdf/2605.06193v1
2605.06178v1,Universal Analog Quantum Simulation,Yiming Huang; Jiaxing Song; Xiaoxia Cai; Xiao Yuan,"Analog quantum simulators emulate complex many-body dynamics through native continuous-time evolution under hardware-defined interactions. Yet once a platform is specified, its interaction structure is largely fixed by the underlying hardware, restricting the Hamiltonians that can be realized and limiting programmability. Here we introduce universal analog quantum simulation (UAQS), a hybrid framework that systematically expands the range of accessible quantum evolutions within a given analog platform. UAQS employs optimized continuous-time control fields to engineer target dynamics directly, avoiding decomposition into discrete gate sequences. By preserving native analog evolution while extending the set of achievable Hamiltonians, UAQS transforms fixed-interaction analog devices into programmable simulators. Numerical studies on representative architectures, including superconducting circuits and Rydberg-atom arrays, show that UAQS accurately reproduces non-trivial many-body dynamics beyond the intrinsic interaction structure of the hardware. These results establish UAQS as a practical route toward programmable analog quantum simulation.",quant-ph,2026-05-07,2026-05-07,http://arxiv.org/abs/2605.06178v1,https://arxiv.org/pdf/2605.06178v1
2605.06171v1,Quantum phase diagrams for bosons in hexagonal optical potentials: A continuous-space quantum Monte Carlo study,Danilo Nascimento Guimaraes; Laurent Sanchez-Palencia,"Hexagonal optical lattices, emulating graphene and hexagonal boron nitride (h-BN) structures, provide a versatile platform for exploring strongly correlated quantum matter. Using continuous-space exact diagonalization and quantum Monte Carlo simulations, we investigate the phase diagrams of ultracold bosons in honeycomb and h-BN lattices. For the honeycomb lattice, we find significant deviations from the standard Bose-Hubbard model even for strong lattice amplitudes. We observe suppressed Mott insulator lobes and the absence of higher-order insulating phases, attributed to strong density-assisted tunneling effects. In the h-BN case, a rich phase diagram emerges, featuring multiple Mott lobes with various sublattice occupations, driven by the interplay of lattice asymmetry, interactions, and particle filling. Our results highlight the necessity of continuous-space treatments for capturing the full complexity of bosonic quantum phases in hexagonal geometries, paving the way for experimental realizations with ultracold atoms and further theoretical work.",cond-mat.quant-gas; quant-ph,2026-05-07,2026-05-07,http://arxiv.org/abs/2605.06171v1,https://arxiv.org/pdf/2605.06171v1
2605.06167v1,Matrix encoding method in variational algorithm of calculating eigenvalues and generalized eigenvalues,Alexander I. Zenchuk; Junde Wu,"We propose a variational method for constructing the eigenvalues and generalized eigenvalues for an arbitrary $N\times N$ complex matrix. The quantum part of our algorithm is based on encoding the matrix elements into the pure state of a quantum system and expressing the loss function with optimization parameters in terms of certain probability amplitudes in the superposition state. The principal step of this algorithm is the measurement of the ancilla state   that removes all extra terms from the above superposition and allows to probabilistically construct the required loss function along with its derivatives with respect to the optimization parameters. These output data are used to find the new values of optimization parameters for the next iteration of the loss function in the gradient optimization method. The depth and size of the circuit for this algorithm are, respectively, $O(N^2 \log N)$ and $O(\log N)$.",quant-ph,2026-05-07,2026-05-07,http://arxiv.org/abs/2605.06167v1,https://arxiv.org/pdf/2605.06167v1
2605.06159v1,"Non-abelian field cohomology, its relation with spontaneous symmetry breaking and Morse's Theorem",V. E. R. Lemes,"We show that, for an $SU(2)$ gauge field (the reasoning extends trivially to $SU(N)$), spontaneous symmetry breaking changes the field cohomology. This defines a new field with cohomological properties characteristic of matter fields. Consequently, the construction of a renormalizable unitary gauge fixing, following Morse's problem of functional extremization, leads to the Gribov condition being automatically solved on-shell. This result occurs because a specific combination of fields is cohomologically matter-like and therefore free of the Gribov problem.",hep-th,2026-05-07,2026-05-07,http://arxiv.org/abs/2605.06159v1,https://arxiv.org/pdf/2605.06159v1
2605.06147v1,Cosmological Dynamics of a Non-Canonical Generalised Brans-Dicke Theory,Matthew Debono; Jackson Levi Said; Gabriel Farrugia,"The LCDM model has been presented with a number of cosmic tensions in the face of precision cosmological data, suggesting the presence of a dynamical dark energy component. In this context, we investigate the cosmology arising from a generalisation of Brans-Dicke theory, with a non-minimally coupled scalar field characterising deviations from standard general relativity, and having a non-canonical kinetic term. By reformulating the field equations into an autonomous set of dynamical equations, we use the methods of dynamical systems to investigate the equilibrium states of the system and their stability for a set of widely-used potentials, namely the constant, power-law, and exponential potentials, with the flow visualized using bounded phase portraits. Furthermore, we investigate the physical meaning of the critical points, and we find viable solutions that can reproduce the characteristics of the $Λ$CDM model at background level for each of the three potentials. Furthermore, in each case, we observe that the dynamical behaviour differs noticeably from that observed in other scalar-tensor models due to the non-minimal coupling and non-canonical field, despite using similarly defined dynamical variables.",gr-qc,2026-05-07,2026-05-07,http://arxiv.org/abs/2605.06147v1,https://arxiv.org/pdf/2605.06147v1
2605.06138v1,Probing the density dependence of nuclear symmetry energy through isospin transport in heavy-ion reactions,S. Mallik; F. Gulminelli; C. Ciampi; D. Gruyer,"The density dependence of the nuclear symmetry energy remains one of the key uncertainties in contemporary nuclear physics, with significant implications for the structure of exotic nuclei, the dynamics of heavy-ion collisions, and the properties of astrophysical objects such as neutron stars and core-collapse supernovae. However, extracting robust constraints requires observables that are minimally affected by final-state interactions and are reliably predicted by transport models. This review synthesizes recent theoretical and experimental advancements in constraining the symmetry energy by leveraging isospin diffusion in heavy-ion reactions within the Fermi energy domain. Recent results from the INDRA-FAZIA collaboration, including isospin transport ratio data, and Boltzmann-Uehling-Uhlenbeck (BUU) transport model calculations are highlighted. Confidence regions for the symmetry energy are extracted from isospin transport ratios and isospin diffusion currents by utilizing state-of-the-art nuclear functionals, including both ab initio and phenomenological approaches, with a particular focus on the density regions probed by these experiments. The resulting constraints will aid future Bayesian studies of the nuclear equation of state and contribute to a more unified understanding of dense matter in both terrestrial experiments and astrophysical environments.",nucl-th; hep-ph; nucl-ex,2026-05-07,2026-05-07,http://arxiv.org/abs/2605.06138v1,https://arxiv.org/pdf/2605.06138v1
2605.06131v1,Hugoniot Relation for Multi-Temperature Euler Equations of Compressible Plasma Flows,Zhifang Du; Aleksey Sikstel,"Shock solutions for multi-temperature Euler equations are inherently ambiguous due to the loss of microscopic physical detail during model reduction and occurrence of non-conservative terms. This paper presents a detailed analytical study of shock structures in such models. We derive two distinct Hugoniot relations, each corresponding to a physically admissible shock solution: one for the general multi-temperature case and one for two-temperature plasma flows. Through classical analysis à la Courant--Friedrichs, we demonstrate that both satisfy admissibility conditions, revealing a fundamental non-uniqueness in shock structures. By relating these solutions to existing numerical schemes, the structure preserving and vanishing viscosity approaches, we provide physically justified references for constructing and evaluating discontinuous numerical approximations. In particular, we emphasize that the Hugoniot relation is not uniquely determined by the macroscopic PDEs alone, but must be supplied from external sources such as experiments or first-principles simulations. This insight demonstrates the essential role of microscopic physics in resolving shock ambiguity and contributes to the theoretical foundation for modeling discontinuous plasma flows.",physics.plasm-ph; math-ph,2026-05-07,2026-05-07,http://arxiv.org/abs/2605.06131v1,https://arxiv.org/pdf/2605.06131v1
2605.06122v1,Variationally Compressing Quantum Circuits to Approximate Nonadiabatic Molecular Quantum Dynamics,Joshua M. Courtney; P. C. Stancil,"Quantum simulation has begun to penetrate the field of quantum chemistry in hopes of efficiently calculating ground state energies and approximating real-time evolution. With modern research highlighting nonadiabatic dynamics, tunably approximating deep circuits representing potential landscapes becomes crucial for simulating real quantum systems. Variationally approximating unitaries allows for shallower circuits and accuracy tunable to hardware fidelity, so long as the observable quantities are preserved. We show the variational compression of Trotter terms preserve reaction rate coefficients via classical emulation of a hybrid quantum-classical optimization method, as well as fast-forwarded adiabatic dynamics on quantum hardware. Compressed circuits can be incorporated with product-formula-based time evolution to approximate dynamics of a particle in two coupled harmonic potentials, allowing tunability when removing high-cost qubit interactions. Approximate rate coefficients are recovered after substituting terms in a nonadiabatic dynamic process, giving proof-of-principle for observable preservation under variational optimization. Attention is paid to minimizing qubit and gate-count resources.",quant-ph; physics.chem-ph; physics.comp-ph,2026-05-07,2026-05-07,http://arxiv.org/abs/2605.06122v1,https://arxiv.org/pdf/2605.06122v1
2605.06101v1,Syndrome resampling enhances quantum error correction thresholds,Luis Colmenarez; Áron Márton; Markus Müller,"Quantum error correction (QEC) enables fault-tolerant quantum computation but requires operating quantum hardware at physical error rates below code-dependent thresholds, which remains challenging for current devices. We introduce syndrome resampling, a general method that increases QEC thresholds of any decoder and suppresses logical errors without additional hardware, decoding modifications, or code-specific assumptions beyond syndrome statistics. The method exploits the fact that syndromes with low probability are likely to lead to logical failure, therefore biasing syndrome averages towards most likely syndromes effectively increases logical fidelities. We establish a direct connection between the Rényi coherent information (RCI) and powers of the syndrome probability distribution, showing that resampling syndromes according to these powers combined with maximum likelihood decoding (MLD) realizes a family of optimal thresholds associated with phase transitions in the RCI. Numerical simulations of surface codes demonstrate that syndrome resampling substantially increases thresholds for both optimal and suboptimal decoders and reduces logical error rates by up to four orders of magnitude in experimentally relevant regimes. We further show that syndrome resampling can be effectively implemented from finite data and combined with decoding-based post-selection to achieve additional gains. Finally, applying the method to existing experimental QEC data yields up to two orders of magnitude reduction in logical error rates without requiring additional measurements. Our results provide a practical and decoder-agnostic route to improved logical fidelities in near-term QEC experiments.",quant-ph,2026-05-07,2026-05-07,http://arxiv.org/abs/2605.06101v1,https://arxiv.org/pdf/2605.06101v1
2605.06099v1,Non-relativistic limit of generalized relativistic Pauli operators by Feynman-Kac formulae,Soichiro Sakamoto,"The non-relativistic limit of a generalized relativistic Pauli operator\[H_c^{S,α}=\left(2c^β\bigl(σ\cdot(-i\nabla-a)\bigr)^2+(mc^γ)^{2/α}\right)^{α/2}-mc^γ+V\]on $L^2(\mathbb{R}^3;\mathbb{C}^2)$ is investigated under the constraint$2α=γβ+γ^2$.This operator generalizes the relativistic Pauli operator within the framework of Bernstein functions.The associated heat semigroup $e^{-tH_c^{S,α}}$ admits a Feynman--Kac representation involving Brownian motion, a subordinator, and a Poisson process.Using this representation, we prove that the semigroup $e^{-tH_c^{S,α}}$ converges strongly to $e^{-tH^{S,α}}$ as $c\to\infty$, where the limiting generator is given by\[H^{S,α}=\fracα{2m^{\frac{2}α-1}}\bigl(σ\cdot(-i\nabla-a)\bigr)^2+V.\]The non-relativistic limit of a generalized relativistic Schrödinger operator is also investigated.",math-ph,2026-05-07,2026-05-07,http://arxiv.org/abs/2605.06099v1,https://arxiv.org/pdf/2605.06099v1
2605.06093v1,Singularity Resolution in Quantum Cosmology via Page-Wootters Formalism,Vishal; Malay K. Nandy,"We investigate the problem of classical big bang singularity in a plane-symmetric Bianchi type-I universe within the Wheeler-DeWitt (WDW) framework of quantum gravity. To address the problem of time, we employ the Page-Wootters formalism, which provides a relational notion of dynamics by conditioning the global state on a clock subsystem. Using Misner variables, the WDW equation assumes a Klein-Gordon (KG) type form. Its general solution is constructed as a Gaussian superposition of momentum eigenstates, resulting in an entangled global state between the clock and the remaining subsystem. Within this relational framework, we construct conditional states and obtain the corresponding probability density consistent with the KG-type inner product. The resulting conditional probability density vanishes in the limit of zero volume for all clock values, indicating quantum resolution of the classical singularity. We further show that positivity of the probability density imposes constraints on the admissible clock values, which depend on the parameters of the Gaussian wavepacket. These results highlight the essential role of quantum correlations in the emergence of relational dynamics, and demonstrate that the Page-Wootters formalism provides a consistent and nonsingular probabilistic description of quantum cosmology.",gr-qc; quant-ph,2026-05-07,2026-05-07,http://arxiv.org/abs/2605.06093v1,https://arxiv.org/pdf/2605.06093v1
2605.06079v1,"Accessory Parameter of Confluent Heun Equations, Voros Periods and classical irregular conformal blocks",Kohei Iwaki; Hajime Nagoya; Ayato Shukuta,"For the Heun differential equation and all of its confluent equations, we derive formal series expansions of the accessory parameters using the Voros periods. We then compare these expansions with the classical conformal blocks recently obtained by Bonelli--Shchechkin--Tanzini, and examine the Zamolodchikov-type conjecture expected to hold between them, allowing for irregular singularities. In particular, as an extension of the previous works of Mironov--Morozov, Piatek--Pietrykowski and Lisovyy--Naidiuk, we provide a detailed prescription for choosing cycles on the spectral curve that yield the Voros period which corresponds to the classical (regular or irregular) conformal blocks through the accessory parameter.",math-ph; math.CA,2026-05-07,2026-05-07,http://arxiv.org/abs/2605.06079v1,https://arxiv.org/pdf/2605.06079v1
2605.06075v1,Probing critical phases in quasiperiodic systems via subsystem information capacity,Huaijin Dong; Long Zhang,"We systematically investigate the entanglement dynamics of quasiperiodic systems across their extended, critical, and localized phases, aiming to identify dynamical signatures that can clearly distinguish the critical phase from the other two. Focusing on the extended Harper model, we complement the half-chain entanglement entropy with the spatially resolved subsystem information capacity (SIC) and demonstrate that the critical phase exhibits a pronounced spatial heterogeneity that is absent in the extended and localized phases. In the steady state, the SIC reveals a stepwise ramp as a function of subsystem size, reflecting an underlying fragmentation of the chain into weakly connected subregions. Dynamically, information initially localized within such a subregion can undergo coherent long-lived oscillations, dubbed subregion echoes, whose period scales with the subregion length, in quantitative agreement with a quasiparticle picture of confined quasiparticle reflections. We trace this internal fragmentation to the incommensurately distributed zeros (IDZs) in the off-diagonal hopping terms of the Hamiltonian. To establish the generality of the SIC as a diagnostic tool, we further apply it to a mobility-edge phase with coexisting extended and localized states and to a critical phase that does not originate from IDZ fragmentation, and show that the SIC can cleanly distinguish these scenarios through their distinct steady-state profiles, initial-site sensitivities and the presence of subregion echoes. Our results establish the SIC as a powerful real-space probe for diagnosing critical phases and for uncovering the bottlenecked connectivity that underlies their multifractal structure.",cond-mat.dis-nn; quant-ph,2026-05-07,2026-05-07,http://arxiv.org/abs/2605.06075v1,https://arxiv.org/pdf/2605.06075v1
2605.06022v1,Lattice fermion formulation via Physics-Informed Neural Networks: Ginsparg-Wilson relation and Overlap fermions,Tatsuhiro Misumi,"We propose a novel, machine-learning-based framework for constructing lattice fermions using Physics-Informed Neural Networks (PINNs). Our approach treats the formulation of the Dirac operator as an optimization problem guided by physical requirements, such as symmetries, locality and doubler-decoupling conditions. We first demonstrate that, when trained to satisfy the Ginsparg-Wilson (GW) relation as a soft constraint, a neural network reproduces the overlap fermion operator to high numerical accuracy and learns an effective sign-function mapping without explicitly using a prescribed polynomial or rational approximation. Secondly, we extend the framework from operator construction to machine-assisted algebraic discovery. Within a generalized polynomial ansatz, the network autonomously drives higher-order terms to zero and recovers the standard Ginsparg-Wilson relation. Remarkably, by changing the initial search bias, the same framework also finds a distinct solution corresponding to a Fujikawa-type generalized GW relation.",hep-lat; hep-th,2026-05-07,2026-05-07,http://arxiv.org/abs/2605.06022v1,https://arxiv.org/pdf/2605.06022v1
2605.06019v1,Geometric Means and Lebesgue-type Decomposition of Completely Positive Maps,Rui Okayasu,"We introduce the geometric mean and the parallel sum of completely positive (CP) maps on von Neumann algebras, based on the Pusz--Woronowicz theory of positive sesquilinear forms. We provide a concrete characterization via a block matrix positivity condition and establish their fundamental properties, including the AM--GM--HM inequality with respect to the CP order.   In finite-dimensional settings, our construction is compatible with the Choi--Jamiolkowski correspondence, under which the geometric mean of CP maps corresponds to the Kubo--Ando geometric mean of their Choi matrices. This yields a natural operator-theoretic framework for interpolating quantum channels.   As an application, we obtain index-type inequalities for conditional expectations in subfactor theory.   Finally, we establish a Lebesgue-type decomposition of CP maps via a parallel sum construction, thereby providing a unified framework that simultaneously generalizes Ando's decomposition of bounded positive operators and Kosaki's decomposition of normal positive functionals on von Neumann algebras.",math.OA; cs.IT; math-ph; math.FA,2026-05-07,2026-05-07,http://arxiv.org/abs/2605.06019v1,https://arxiv.org/pdf/2605.06019v1
2605.06008v1,Dzyaloshinskii-Moriya interaction as a coherence diagnostic for chirality-induced spin selectivity,Vishvendra S. Poonia,"Whether chirality-induced spin selectivity (CISS) reflects coherent SU(2) spin rotation or incoherent spin-dependent filtering is a central unresolved question in molecular spintronics, with implications ranging from asymmetric chemistry to quantum information. We show that these two scenarios are distinguishable by a sharp symmetry criterion on the superexchange interaction mediated by a chiral molecular bridge. Coherent CISS, implemented as a unitary spin rotation of the tunneling electron, generates a giant Dzyaloshinskii-Moriya (DM) interaction with ratio |D|/JH up to 3, which is two orders of magnitude beyond intrinsic Rashba spin-orbit coupling in Si/SiGe. Incoherent CISS, represented by any Hermitian (non-unitary but spin-diagonal) tunneling matrix, produces D = 0 identically; we prove this as a structural theorem, reinforced by a Lindblad argument that dissipative spin filtering cannot modify virtual-tunneling-mediated superexchange. The DM interaction thus serves as a coherence order parameter, nonzero only when quantum amplitudes for opposite-spin transmission maintain a fixed relative phase. We derive closed-form angular, enantiomeric, and sensitivity signatures and show that the critical coherent rotation angle lies two orders of magnitude below current transport-inferred values and is accessible to existing 10 kHz exchange spectroscopy in gate-defined quantum dots. Five candidate molecules are predicted to exceed this threshold by one to two orders of magnitude even in a conservative interface-amplification scenario. The proposed measurement converts a long-standing transport controversy into a binary spin-qubit experiment with quantum-amplitude resolution.",cond-mat.mes-hall; quant-ph,2026-05-07,2026-05-07,http://arxiv.org/abs/2605.06008v1,https://arxiv.org/pdf/2605.06008v1
2605.06001v1,Ultraviolet-Finite Perturbative Expansion of Quantum Gravity at Null Infinity,Carlos N. Kozameh; Gerardo O. Depaola,"We present a perturbative formulation of quantum gravity for asymptotically flat vacuum spacetimes based on the Null Surface Formulation (NSF), in which the expansion is ultraviolet-finite term by term up to the orders computed, without the need for renormalization. The outgoing Bondi shear operators are constructed explicitly up to fourth order, with interaction kernels determined recursively from on-shell gravitational data at null infinity. Ultraviolet finiteness at each order follows from the on-shell structure of the construction and the restriction of all integrations to the compact celestial sphere, eliminating off-shell propagators. The map between the in and out states admits a perturbative construction, and unitarity is verified explicitly up to fourth order. The outgoing operators satisfy the same commutation relations as the incoming ones, indicating that the transformation is canonical and consistent with the unitary implementation. Collinear configurations give rise to infrared singularities, as expected in massless quantum field theories, but do not affect the ultraviolet behavior established here. In coherent states, the expectation value of the shear reproduces the known finite classical graviton scattering at lowest nontrivial order. These results provide a perturbative framework for quantum gravity with improved ultraviolet behavior relative to the covariant approach.",hep-th,2026-05-07,2026-05-07,http://arxiv.org/abs/2605.06001v1,https://arxiv.org/pdf/2605.06001v1
2605.05961v1,Passive Imaging with Quantum Advantage,Li Gong; Aonan Zhang; Madhura Ghosh Dastidar; Alexander Duplinskii; A. I. Lvovsky,"Far-field optical imaging inevitably involves low-pass spatial filtering, limiting the resolution. Moreover, conventional imaging suppresses high spatial frequency components close to the cutoff, making them invisible under noise, particularly the shot noise arising from discrete and random nature of quantum light. Here we propose and implement a method for reducing the effect of this noise by optically pre-processing the incoming light prior to detection, thereby optimizing the quantum measurement performed on it. Our scheme, termed Fourier Domain Division (FDD), partitions the Fourier plane into multiple regions for independent detection and subsequent post-processing for image reconstruction. By analyzing the quantum and classical Fisher information, we show that our method is advantageous with respect to direct imaging for high spatial-frequency components. As a result, the number of photons required to achieve a certain signal-to-noise-ratio in the Fourier domain is reduced, thus enhancing the overall resolution in the photon-starved regime. We demonstrate our method in microscopy, achieving 5-fold improvement of Fisher information on high spatial-frequency components. Unlike active super-resolution methods, FDD is passive, making it broadly applicable in microscopy and other imaging scenarios where active illumination is impractical, including astronomy and remote sensing. Our work establishes a general strategy for designing quantum optimized superresolution imaging systems, bridging fundamental quantum limits, practical image analysis and computer vision applications.",quant-ph; physics.optics,2026-05-07,2026-05-07,http://arxiv.org/abs/2605.05961v1,https://arxiv.org/pdf/2605.05961v1
2605.05942v1,Architecture Shape Governs QNN Trainability: Jacobian Null Space Growth and Parameter Efficiency,Michael Poppel; David Bucher; Maximilian Zorn; Markus Baumann; Sebastian Wölckert; Claudia Linnhoff-Popien; Philipp Altmann; Jonas Stein,"Variational quantum circuits with angle encoding implement truncated Fourier series, and architectures arranging $N$ qubits with $L$ encoding layers each -- sharing encoding budget $E = NL$ -- generate identical frequency spectra, identical frequency redundancy, and require the same minimum parameter count for coefficient control. Despite this equivalence, trainability varies substantially with architecture shape $(N,L)$ at fixed $E$. We identify structural rank deficiency of the coefficient matching Jacobian $J$ as the mechanism responsible. For serial single-qubit architectures, we prove $\mathrm{rank}(J) \leq 2L+1$ regardless of parameter count $P$, with $\dim(\ker J) \geq P-(2L+1)$ growing without bound -- a phenomenon we term \emph{structural gradient starvation}: a growing fraction of parameters become structurally decoupled from the loss as $P$ increases at fixed $L$. Parallel architectures avoid this via independent phase trajectories, ensuring $σ_{\min}(J^{(\mathrm{par})}) > 0$ generically for $P \leq 2E+1$, so no parameter lies in $\ker J$. For practitioners, we further show that the two natural routes to increasing parameter count have fundamentally different effects: adding feature map (FM) layers monotonically strengthens the Jacobian QFIM eigenvalue spectrum and achieves $R^2 \geq 0.95$ with $1.6$--$2.2\times$ fewer parameters than adding trainable blocks across all tested architectures, while trainable blocks improve training only through the classical interpolation mechanism with no quantum-specific benefit.",quant-ph; cs.LG,2026-05-07,2026-05-07,http://arxiv.org/abs/2605.05942v1,https://arxiv.org/pdf/2605.05942v1
2605.05916v1,Squeezed Gravitons and One-Loop Self-Energy under Light-Cone Smearing,Hiroki Matsui,"We investigate light-cone smearing induced by quantum fluctuations of gravitons and its implications for the ultraviolet structure of quantum field theory. By treating the first-order correction to Synge's world function as an operator, we show that the retarded Green's function is smeared by the variance of graviton fluctuations. The smearing width depends on the quantum state of gravitons: vacuum fluctuations generate a Gaussian smearing of the light cone, coherent states shift the light-cone position, and squeezed states modify the smearing width itself. We then apply the smeared Feynman propagator to one-loop self-energies in interacting scalar field theories. In both the $φ^3$ bubble diagram and the $φ^4$ tadpole diagram, the short-distance singularities responsible for the usual ultraviolet divergences are regularized by a nonzero smearing width. We also estimate the contribution from primordial gravitons generated during inflation and show that it induces a finite correction of order $10^{-10}$ to the one-loop self-energy. Our results suggest that the quantum state of gravitons can leave a finite imprint on the causal and short-distance structure of quantum field theory.",hep-th; gr-qc; hep-ph,2026-05-07,2026-05-07,http://arxiv.org/abs/2605.05916v1,https://arxiv.org/pdf/2605.05916v1
2605.05914v1,Quantum-enhanced Large Language Models on Quantum Hardware via Cayley Unitary Adapters,Borja Aizpurua; Sukhbinder Singh; Augustine Kshetrimayum; Saeed S. Jahromi; Roman Orus,"Large language models (LLMs) have transformed artificial intelligence, yet classical architectures impose a fundamental constraint: every trainable parameter demands classical memory that scales unfavourably with model size. Quantum computing offers a qualitatively different pathway, but practical demonstrations on real hardware have remained elusive for models of practical relevance. Here we show that Cayley-parameterised unitary adapters -- quantum circuit blocks inserted into the frozen projection layers of pre-trained LLMs and executed on a 156-qubit IBM Quantum System Two superconducting processor -- improve the perplexity of Llama 3.1 8B, an 8-billion-parameter model in widespread use, by 1.4% with only 6,000 additional parameters and end-to-end inference validated on real Quantum Processing Unit (QPU). A systematic study on SmolLM2 (135M parameters), chosen for its tractability, reveals monotonically improving perplexity with unitary block dimension, 83% recovery of compression-induced degradation, and correct answers to questions that both classical baselines fail -- with a sharp noise-expressivity phase transition identifying the concrete path to quantum utility at larger qubit scales.",quant-ph; cs.AI; cs.LG,2026-05-07,2026-05-07,http://arxiv.org/abs/2605.05914v1,https://arxiv.org/pdf/2605.05914v1
2605.05903v1,"Trace anomaly, effective approach, and gravitational potential",Riccardo Fecchio; Ilya L. Shapiro,"We explore and discuss corrections to the Newton potential from the quantum effects of conformal matter fields. In this special case, one can compare different approaches, including that of effective quantum gravity and another, based on the conformal (trace) anomaly. The comparison of these two methods is the main focus in the present work. Using the anomaly-induced effective action of gravity requires fixing the quantum vacuum state, similar to what is done in the description of black hole evaporation. In the Boulware vacuum state, we compute the anomaly-induced stress tensor and the first-order correction to the classical gravitational law. The quantum correction to the Newton's potential derived in this way, differs from the result calculated in a way analogous to the effective approach to quantum gravity. The only way to reconcile the two approaches for deriving the leading semiclassical corrections to Newtonian potential is to modify the asymptotic behavior of the average of the energy-momentum tensor in the Boulware vacuum state, as has been recently discussed in the literature.",hep-th; gr-qc,2026-05-07,2026-05-07,http://arxiv.org/abs/2605.05903v1,https://arxiv.org/pdf/2605.05903v1
2605.05881v1,Surface-Code Thresholds and Qubit Footprints in Shuttling-Based Spin-Qubit Railways,Arun John Moncy; Reza Dastbasteh; Josu Etxezarreta Martinez; Ryo Nagai; Pedro M. Crespo; Normann Mertig; Charles Smith; Ruben M. Otxoa,"We present a fault-tolerant mapping of rotated surface codes onto a $2\times N$ silicon spin-qubit railway architecture, utilizing electron shuttling to resolve the wiring fan-out bottleneck. Employing circuit-level noise modeling, we evaluate threshold performances across various noise biases. We demonstrate that shuttling check qubits instead of data qubits fundamentally improves system thresholds. Crucially, under a noise model biased towards dephasing for spin-qubit shuttling, the non-CSS XZZX surface code outperforms standard CSS variants. By tailoring the topological code to this specific inherent bias, we show that the Megaquop footprint is achievable with a distance 7 code requiring a $p = 10^{-3}$ physical error rate, highlighting a pathway for substantial hardware reductions in early fault-tolerant quantum processors.",quant-ph,2026-05-07,2026-05-07,http://arxiv.org/abs/2605.05881v1,https://arxiv.org/pdf/2605.05881v1
2605.05841v1,Non-Abelian String-Breaking Dynamics on a Qudit Quantum Computer,Manuel John; Keshav Pareek; Peter Tirler; Tim Gollerthan; Michael Meth; Lukas Gerster; Peter Zoller; Daniel González-Cuadra; Torsten V. Zache; Martin Ringbauer,"Gauge theories form the foundation of the Standard Model of particle physics. These theories can exhibit confinement, where charged particles only occur in bound states, connected by flux strings whose energy grows linearly with separation. Simulating the real-time dynamics of such strings, including their breaking, remains a major challenge for classical computations and a promising target for quantum simulations. While recent quantum simulation experiments explored string-breaking dynamics in abelian lattice gauge theories, non-abelian theories are qualitatively distinct because gauge fields themselves carry charge. Here, we report the first quantum simulation of genuine non-abelian string-breaking dynamics in a pure SU($2$) lattice gauge theory, where gauge-field self-interactions drive string breaking even in the absence of dynamical matter. Our results are obtained on a trapped-ion quantum computer, using native qudit Hilbert spaces to encode truncated gauge fields on a ladder geometry and implement digital Trotter dynamics. We experimentally study unbreakable and breakable strings generated by fundamental and adjoint static charges, respectively. We locally resolve string oscillations and coherent string breaking through the creation of gluonic excitations driven by non-abelian plaquette interactions. Our work establishes hardware-efficient, problem-tailored qudit simulations as a promising route for accessing non-perturbative dynamics relevant to high-energy physics.",quant-ph,2026-05-07,2026-05-07,http://arxiv.org/abs/2605.05841v1,https://arxiv.org/pdf/2605.05841v1
2605.05830v1,Three wave mixing vacuum squeezing generation in a SNAIL-based Traveling-Wave Parametric Amplifier with alternated flux polarity,Isita Chatterjee; Pegah Darvehi; Antonio Orsi; Anna Levochkina; Pasquale Mastrovito; Gwenel Le Gal; Arpit Ranadive; Giulio Cappelli; Alberto Porzio; Francesco Tafuri; Davide Massarotti; Martina Esposito,"Recent demonstrations of squeezing generation using Traveling Wave Parametric Amplifiers (TWPAs) have opened the way for the application of broadband microwave squeezing in quantum sensing, quantum-enhanced detection, and continuous-variable quantum information. Here we demonstrate vacuum squeezing generation via residual three-wave mixing (3WM) in a Josephson TWPA based on superconducting nonlinear asymmetric inductive elements (SNAILs) with alternated magnetic flux polarity. By investigating competition between four-wave mixing (4WM) and 3WM nonlinearities, we prove that vacuum squeezing generation via residual 3WM is possible when a careful choice of the operating flux point is adopted. Our study provides valuable insights on the impact of competing nonlinearities on TWPA squeezers, potentially extending the range of applications in the framework of microwave photonics.",quant-ph,2026-05-07,2026-05-07,http://arxiv.org/abs/2605.05830v1,https://arxiv.org/pdf/2605.05830v1
2605.05827v1,Pontus-Mpemba effect in cavity quantum electrodynamics,Stefano Longhi,"The quantum Pontus-Mpemba effect is a counterintuitive phenomenon in which a quantum system relaxes faster through a two-step evolution protocol than through a single, unquenched relaxation. This work proposes its realization in cavity quantum electrodynamics using the Jaynes-Cummings model with photon loss. The model captures the coherent interaction between a two-level atom and a single quantized mode of a lossy cavity, providing a minimal yet realistic setting to explore dissipative quantum dynamics. Restricting the analysis to the single-excitation sector, the dynamics feature damped vacuum Rabi oscillations for weak dissipation that transition to near-exponential atomic decay under strong dissipation. A sudden quench of the cavity decay rate generates distinct relaxation trajectories from the same initial atom-cavity state. The atomic excitation then displays a non-monotonic, accelerated decay, where a trajectory with a quenched dissipation relaxes faster than fixed-loss evolution. The effect originates from the interplay between coherent atom-photon exchange and cavity dissipation, establishing a clear and experimentally accessible realization of the quantum Pontus-Mpemba effect in both optical and circuit QED platforms.",quant-ph; cond-mat.stat-mech; physics.optics,2026-05-07,2026-05-07,http://arxiv.org/abs/2605.05827v1,https://arxiv.org/pdf/2605.05827v1
2605.05821v1,Quasi-normal modes of a multi-dimensional rotating Kerr black hole,Mattia Villani,"The aim of this paper is to present a general way to calculate quasi-normal modes (QNM) of the Teukolsky equation for higher dimensional (d > 4) Kerr spacetime with compactified extra dimensions. In order to do so, we develop a formalism derived from spinors: we call it multispinor formalism. It is based on vectors of two-spinors and permits us to develop a formalism analogous to that of Newman-Penrose in 4d. From this we show how to derive the Teukolsky equation for gravitational perturbations and calculate the QNM. In order to keep calculations simple we fix, as an example, the dimension number to be six, but the work can be readily generalized to other spacetime dimensions.",gr-qc,2026-05-07,2026-05-07,http://arxiv.org/abs/2605.05821v1,https://arxiv.org/pdf/2605.05821v1
2605.05817v1,Classical General Relativity as a Non-Conservative Action-Dependent Field Theory,Callum Bell; David Sloan,"Scaling symmetries have previously been examined for classical field theories described by singular Lagrangians; in this article, we apply these results to the first-order formulation of General Relativity. It is shown that the dynamical content of the Hilbert action may be formulated in terms of the conformal spacetime geometry, together with a dissipative sector, which is required in order to compensate the elimination of the notion of scale encoded by the conformal factor. Further, we consider the linearisation of the equations of motion of the scale-invariant action, demonstrating that the first-order metric perturbations satisfy a free wave equation, as expected. The second-order dynamics, describing gravitational backreaction, are found to be sourced by quadratic combinations of the first-order perturbations. However, these dynamics are non-conservative, as is made manifest by the presence of terms which couple the action sector with the geometrical degrees of freedom.",gr-qc,2026-05-07,2026-05-07,http://arxiv.org/abs/2605.05817v1,https://arxiv.org/pdf/2605.05817v1
2605.05816v1,Massive hybrid stars within the extended three-flavor quark-meson diquark model,Jens O. Andersen; Mathias P. Nødtvedt,"We discuss the properties of the extended three-flavor quark-meson diquark (EQMD) model as a renormalizable low-energy effective model for QCD. The effective degrees of freedom are quarks, scalar- and pseudoscalar mesons, diquarks, vector- and axial-vector mesons. We calculate the equation of state (EoS) in the mean-field approximation at $T=0$ imposing charge neutrality for electric and color charges. We match the EoS with a low-density nuclear equation of state. We discuss how the choice of parameters in the model affects the EoS and thereby the mass-radius for hybrid stars. We show that it is possible to construct hybrid stars whose masses and radii are in agreement with recent astrophysical observations and perturbative QCD (pQCD). The addition of vector and axial vector mesons to the quark-meson diquark is essential, since it makes the EoS sufficiently stiff for intermediate densities. Our results suggest that stars with a mass larger than $M\sim2M_{\odot}$ have a quark core with a central density $n_B\geq 3.9n_{\rm sat}$, where $n_{\rm sat}\approx0.165$fm$^{-3}$ is the saturation density. The speed of sound has a double-peak structure and relaxes to the conformal limit from above for large baryon chemical potentials $μ_B$. This structure is caused by the decrease in the mass of the $s$ quark as $μ_B$ increases.",hep-ph; astro-ph.HE; nucl-th,2026-05-07,2026-05-07,http://arxiv.org/abs/2605.05816v1,https://arxiv.org/pdf/2605.05816v1
2605.05815v1,Room temperature Purcell enhanced single erbium ions in silicon-carbide-on-insulator microring resonators,Joshua Bader; Shin-ichiro Sato; Jeffrey C. McCallum; Ruixuan Wang; Shao Qi Lim; Alexey Lyasota; David Broadway; Brett C. Johnson; Sven Rogge; Qing Li; Stefania Castelletto,"Spin-carrying single-photon emitters operating in the telecommunication C-band (1530-1565nm) are prime candidates for integrated spin-photon interfaces, offering seamless compatibility with existing fiber-optic infrastructure, an essential component for future quantum networks. In this context, erbium-dopants ($\text{Er}^{3+}$) are particularly compelling due to their exceptional emitter properties, including small spectral diffusion and long spin coherence times. However, their low C-band photon-emission rate and operation at cryogenic temperatures has limited the realization of this technology.   In this work, we demonstrate fully integrated single-photon emission from an ion implanted $\text{Er}^{3+}$-embedded into a 4H-silicon-carbide-on-insulator (4H-SiCOI) microring resonator operating at room temperature. By optimizing the mode overlap between the resonator and the $\text{Er}^{3+}$-defect, we achieved a $\sim$70$\times$ Purcell enhancement and recorded small spectral diffusion of $\sim$54 MHz. We further characterize the $\text{Er}^{3+}$ single photon emission via photon correlation g$^{(2)}$-histograms and investigate its performance under varying magnetic-field, demonstrating Zeeman splitting on single emitters.",physics.optics; quant-ph,2026-05-07,2026-05-07,http://arxiv.org/abs/2605.05815v1,https://arxiv.org/pdf/2605.05815v1
2605.05785v1,Optical Pulling Force in Carbon Nanotubes: Manifestation of Nonlocal Conductivity,Tomer Berghaus; Touvia Miloh; Gregory Ya. Slepyan,"We develop a new theory of an optical force exerted on a carbon nanotube (CNT) with a nonlocal conductivity. The optical force is expressed in terms of the surface current density and the axial electric field on the CNT surface. To determine these quantities, we employ an integral-equation-based approach in terms of the current density. The analysis is constructed for a finite-length cylindrical CNT by rigorously accounting for edge effects. In addition to numerical solutions of the integral equation, we obtain an approximate analytical expression for the optical force acting on the CNT, which shows good agreement with numerical simulations. We also demonstrate the existence of some frequency ranges in which the optical force becomes negative, corresponding to the optical pulling effect. Such a pulling behavior is shown to originate from the nonlocality of the conductivity and to vanish in the local limit. This work advances theoretical understanding of optomechanical interactions in finite-length low-dimensional conductors and clarifies the role of spatial dispersion in the emergence of optical pulling forces.",quant-ph,2026-05-07,2026-05-07,http://arxiv.org/abs/2605.05785v1,https://arxiv.org/pdf/2605.05785v1
2605.05783v1,Isomer depletion via nuclear excitation by inelastic electron scattering,Ziwen Li; Jingyan Zhao; Xuyang Pu; Yuanbin Wu,"Isomer depletion via the process of nuclear excitation by inelastic electron scattering is investigated theoretically. A comprehensive study on low-energy nuclear excitations by inelastic electron scattering is performed to analyze the impact of the nuclear and ion charge, the nuclear transition energy, and the nuclear transition multipolarity on the cross section of the process. We apply the analysis to the case of isomer depletion, in which an excitation from the isomeric state to a nuclear level above the isomeric state can lead to decay to a nuclear level below the isomer itself and hence lead to the release of the energy stored in the isomer. For this purpose, the isomer depletion of $\mathrm{{}^{93m}{Mo}}$, $\mathrm{{}^{152m}{Eu}}$, and $\mathrm{{}^{178m}{Hf}}$, which represent the most important scenarios of isomer depletion, are studied. Our results demonstrate the capability of the process of nuclear excitation by inelastic electron scattering for isomer depletion.",nucl-th,2026-05-07,2026-05-07,http://arxiv.org/abs/2605.05783v1,https://arxiv.org/pdf/2605.05783v1
2605.05764v1,Weighted Phase-Space Paths for Exact Wigner Dynamics,Surachate Limkumnerd; Panat Phanthaphanitkul,"A quantum state can be written in phase space, but the resulting object is not generally the probability density of a positive stochastic process on ordinary phase space. We spell this out for Wigner dynamics. If a positive phase-space process is required only to reproduce the Born density after integrating over momentum, the requirement fixes only an integrated current; the local drift and diffusion remain underdetermined. If one instead requires all Weyl-ordered expectation values, the phase-space object is fixed to be the Wigner function. For non-quadratic potentials the Wigner--Moyal generator contains higher-order, signed momentum-transfer terms, so it is not the Fokker--Planck generator of a positive Brownian diffusion. The exact Wigner function must therefore be reconstructed, in a stochastic representation, as a weighted empirical measure \[ \FW(\z,t)=\E_{\Pp}[W_tδ(\z-\z_t)], \qquad \z=(q,p), \] rather than the unweighted density of sampled carrier trajectories. With classical Hamiltonian flow as the carrier, all nonclassical correction beyond classical transport sits in the Moyal residual and can be represented by signed weights or branching events. The same split defines a residual diagnostic that vanishes for quadratic Hamiltonians and measures what classical carrier transport misses in anharmonic dynamics. The formulation also gives a forward--reverse relation for signed Wigner path measures. The ratio of forward and reversed contributions separates into a positive magnitude factor and a sign factor. This sign records the parity of the Wigner interference contribution; it is not a thermodynamic entropy production.",quant-ph; math-ph,2026-05-07,2026-05-07,http://arxiv.org/abs/2605.05764v1,https://arxiv.org/pdf/2605.05764v1
2605.05721v1,Electronic and Photonic Integration of Single Quantum Emitters in 2D Materials,Sahil D. Patel; Sean Doan; Luka Jevremovic; Kamyar Parto; Galan Moody,"Single-photon sources that are bright, pure, and interference-ready are essential for quantum communication and photonic quantum information processing, but many solid-state platforms still rely on bulky optical excitation, careful alignment, and post-selection to achieve useful linewidth, stability, and brightness. Scalable quantum photonics instead requires turnkey quantum-light engines that can be triggered on demand, stabilized against environmental noise, and efficiently interfaced with fibers or photonic circuits. This review surveys recent progress in electronic and photonic integration of single quantum emitters in two-dimensional materials, focusing on localized excitonic emitters in transition metal dichalcogenides and defect-based color centers in hexagonal boron nitride. On the electronic side, we discuss electrical injection, fast modulation, electrostatic stabilization, and Stark tunability as routes to suppress blinking, spectral wandering, and charge-noise-induced broadening. On the photonic side, we review waveguide and resonator platforms that funnel emission into well-defined optical modes and, in some cases, enhance radiative rates through the Purcell effect. We connect these integration strategies to key source metrics, including single-photon purity, brightness, spectral stability, and photon indistinguishability. We conclude that the next stage of progress will depend on co-designed electronic and photonic architectures that jointly optimize on-demand operation, stabilization, tunability, and packaging-compatible optical interfacing.",quant-ph,2026-05-07,2026-05-07,http://arxiv.org/abs/2605.05721v1,https://arxiv.org/pdf/2605.05721v1
2605.05663v1,Scalar-Field Reconstruction of Ricci--Gauss--Bonnet Dark Energy in Hořava--Lifshitz Cosmology,Surajit Chattopadhyay,"This paper reports a Ricci-Gauss-Bonnet (RGB) dark energy model within the framework of Hořava-Lifshitz cosmology and presents a scalar-field reconstruction of the effective dark energy sector. In a spatially flat FRW background with a power-law scale factor, we derive analytical expressions for cosmological parameters, scalar field kinetic term, and the reconstructed potential. The reconstructed EoS parameter exhibits smooth transition toward a cosmological-constant-like regime at late times for suitable choices of the model parameters. The classical stability of the model is analyzed through the squared sound speed, and stable regions of the parameter space are identified. Finally, the generalized second law of thermodynamics is investigated at the apparent horizon, and it is shown that the total entropy variation remains non-negative in this model. From these results it can be concluded that the model provides a theoretically consistent description of late-time acceleration, with physical viability maintained within a specific range of the model parameters.",gr-qc,2026-05-07,2026-05-07,http://arxiv.org/abs/2605.05663v1,https://arxiv.org/pdf/2605.05663v1
2605.05658v1,Quantum-classical solvation hydrodynamics: Hamiltonian functionals and dissipation,François Gay-Balmaz; Cesare Tronci,"We propose a mixed quantum-classical hydrodynamic framework to model short-time inertial effects in the non-adiabatic evolution of a quantum solute coupled to a classical polar solvent. Drawing upon the work of Burghardt and Bagchi [Chem. Phys. 329 (2006), 343], we employ the Hamiltonian approach to incorporate consistent backreaction and preserve quantum decoherence beyond standard Ehrenfest dynamics. The solvent is treated as an ideal polar fluid and the quantum solute state is correlated to both the position and molecular orientation coordinates of the liquid. This approach retains essential solute-solvent correlations while significantly reducing the computational complexity of previous approaches. We further incorporate dissipative terms to capture both inertial effects and polarization relaxation. After establishing the general setting for non-local dielectric continua, the Marcus local approximation is integrated into the model thereby extending traditional solvation theory to account for collective fluid sloshing on fast timescales.",physics.chem-ph; physics.comp-ph; physics.flu-dyn; quant-ph,2026-05-07,2026-05-07,http://arxiv.org/abs/2605.05658v1,https://arxiv.org/pdf/2605.05658v1
2605.05635v1,Adaptive ray tracing and photon ring signatures of rotating dark-matter-dressed black holes,Mohsen Fathi,"We investigate the optical appearance of rotating black holes embedded in dark matter environments through a phenomenological ray-tracing framework. Instead of focusing on a single dark-matter-dressed geometry, we use a comparative setting in which a regular Einasto-type dark-matter-sourced black hole and a cored-NFW halo black hole are promoted to effective rotating backgrounds. This allows us to separate profile-dependent effects from generic Kerr-like rotational features. We construct observer-screen images by numerical backward ray tracing and analyse the shadow boundary, lensing bands, transfer maps, and synthetic intensity distributions produced by semi-analytic accretion prescriptions. Particular attention is paid to the possible degeneracy between spin and the dark matter parameters, and to whether higher-order lensed images can provide stronger signatures than the primary shadow size alone. For the representative parameters considered here, the Einasto-supported geometry remains close to Kerr, while the cored-NFW case produces a larger apparent image scale and more visible deviations in the lensed structure. The framework developed in this work is lightweight and extensible, and can be used as a first step toward future radiative-transfer and low-resolution accretion-flow studies of rotating dark-matter-dressed black holes.",gr-qc; astro-ph.CO; astro-ph.HE,2026-05-07,2026-05-07,http://arxiv.org/abs/2605.05635v1,https://arxiv.org/pdf/2605.05635v1
2605.05634v1,Relativistic mean-field study of the neutron star inner crust using the asymmetric finite difference method,Jinzhe Zhang; Hong Shen; Ying Zhang; Jinniu Hu,"The ground-state properties of neutron-rich nuclear clusters in the inner crust of neutron stars are investigated within the Wigner-Seitz approximation using a relativistic mean-field framework. The radial Dirac equations are solved with an asymmetric finite-difference scheme, by which the hermiticity is preserved and spurious states are eliminated. Calculations are performed for representative Wigner-Seitz cells employing TM1-based interactions with different symmetry-energy slope parameters $L$, as well as a parametrization with a larger nucleon effective mass. It is found that the binding energy per nucleon decreases systematically with increasing $L$, while a larger effective mass leads to further reduction, particularly at higher densities. Quantum shell effects, which are absent in the Thomas-Fermi approximation, give rise to oscillatory density distributions and modify neutron properties. Within the Wigner-Seitz cell, the resulting neutron root-mean-square radius and chemical potential are shown to be sensitive to both $L$ and the effective nucleon mass, underscoring their important roles in determining the microscopic structure of the neutron-star inner crust.",nucl-th,2026-05-07,2026-05-07,http://arxiv.org/abs/2605.05634v1,https://arxiv.org/pdf/2605.05634v1
2605.05633v1,Eigenstate-Selective Entangled Two-Photon Absorption in Monolayer WSe$_2$,Minseok A. Jang; Hongki Yoo,"We show that the Bell-state phase of a polarization-entangled photon pair controls the biexciton eigenstate distribution produced by entangled two-photon absorption (ETPA) in monolayer WSe$_2$. In a frequency-nondegenerate ladder scheme, two independent valley pathways ($K$ and $K'$) share no intermediate state, so the biphoton phase sets the relative amplitude between them. Within the valley-symmetric limit this phase factorizes from the material response, and the resulting selection rule partitions the excitation among biexciton eigenstates according to the Bell-state phase $\varphi$. The symmetric Bell state ($\varphi = 0$) selectively drives bright eigenstates, while the antisymmetric state ($\varphi = π$) drives the exchange-dark eigenstate. No classical polarization source reproduces this $\varphi$-dependent eigenstate distribution. Including valley dephasing and intervalley scattering at 4~K, the phase-scan visibility exceeds $0.97$ for broadband SPDC ($T_e \sim 100$~fs) with high source purity.",quant-ph,2026-05-07,2026-05-07,http://arxiv.org/abs/2605.05633v1,https://arxiv.org/pdf/2605.05633v1
2605.05631v1,Wandering Exponents and the Free Energy of the High-Dimensional Elastic Polymer,Gerard Ben Arous; Pax Kivimae,"We study the behavior of the elastic polymer, a model of a directed polymer in a continuous Gaussian random environment that is independent in time and correlated in space, as the dimension of the environment is taken to infinity. We give an explicit asymptotic formula for the free energy, which is given in terms of the distribution of the inner product of two sampled configurations, which we also obtain an implicit formula for. From this, we provide an explicit characterization of both the low- and high-temperature phases of this model in terms of the spatial correlation function of the environment. We find asymptotics for the wandering exponent when the spatial correlation function is either an exponential or a power-law decay. Our results show that when the correlations are either suitably weak or short ranged, the model is asymptotically diffusive. On the other hand, for suitably strong long ranged correlations, the model is asymptotically superdiffusive. Moreover, we show that this transition coincides exactly with another transition where the model goes from being one-step replica symmetry breaking to full-step replica symmetry breaking. This rigorously confirms many of the findings of Mezard and Parisi [53] in the physics literature.",math.PR; math-ph,2026-05-07,2026-05-07,http://arxiv.org/abs/2605.05631v1,https://arxiv.org/pdf/2605.05631v1
2605.05625v1,Quantum Kernels for Parity-Structured Classification: A Hybrid Pipeline,Tushar Pandey,"Parity (XOR) classification requires detecting discrete, high-order feature interactions that smooth classical kernels cannot efficiently capture. We study how quantum kernel advantage depends on parity complexity, the number of features entering the XOR rule, and find a clear threshold behavior. We pair a ZZ quantum feature map with binary {0, pi} encoding (features median thresholded before circuit input) to expose parity structure. A binary encoding ablation, RBF SVM trained on the identical {0, pi} features, separates encoding from circuit effects: at low complexity (n = 5 features), binary RBF achieves 83.4% +/- 1.7% and the quantum kernel 81.2% +/- 1.9%, showing encoding drives performance there. At high complexity (n = 11 features, 11 qubits, r = 3 ZZ repetitions), all classical methods collapse to near-random (approx. 50%), binary RBF reaches only 54.3% +/- 1.1%, and the quantum ZZ kernel achieves 66.3% +/- 3.2% (mean +/- std, 10 seeds), a +12.0 percentage-point margin over the binary ablation and approx. 7x higher kernel-target alignment (0.094 +/- 0.020 vs. 0.013 +/- 0.001). These results identify parity complexity as a concrete axis along which genuine quantum kernel advantage, not attributable to encoding alone, emerges.",quant-ph; cs.LG,2026-05-07,2026-05-07,http://arxiv.org/abs/2605.05625v1,https://arxiv.org/pdf/2605.05625v1
2605.05624v1,The General Structure of Trilinear Equations,Takeshi Fukuyama,"We investigate trilinear structures as a natural extension of the Hirota bilinear formalism in integrable systems. While bilinear equations are associated with Grassmannian geometry and Plücker relations, trilinear equations suggest a higher algebraic structure involving three-slot couplings of tau functions.   Focusing on the stationary axisymmetric Einstein equations, we show that when the Ernst potential is written in a tau-ratio form, the nonlinear equation decomposes into a cubic sector containing all second-derivative terms and a quartic gradient envelope. The cubic sector is identified with a YTSF-type trilinear kernel.   We formulate a general trilinear kernel criterion and apply it to the Tomimatsu--Sato solutions. In particular, we demonstrate that the $δ=3$ solution possesses the same trilinear kernel structure as the $δ=2$ case, with a universal normalization up to a constant factor.   These results suggest that the trilinear kernel represents a universal structure governing the highest-derivative sector of the Ernst system, providing a new perspective on integrability beyond the bilinear hierarchy.",nlin.SI; gr-qc,2026-05-07,2026-05-07,http://arxiv.org/abs/2605.05624v1,https://arxiv.org/pdf/2605.05624v1
2605.05617v1,Static-Field Tunneling Ionization in Space-Fractional Quantum Mechanics,Marcelo F. Ciappina,"Tunneling ionization in static or slowly varying electric fields is a cornerstone of strong-field physics and provides the entry point for semiclassical descriptions of above-threshold ionization and high-harmonic generation. In conventional quantum mechanics, the Perelomov--Popov--Terent'ev (PPT) theory and its Ammosov--Delone--Krainov (ADK) form yield an ionization rate whose defining feature is an exponential dependence governed by an under-barrier (imaginary-time) action. Here we develop an analytical ADK-like tunneling model within \emph{space-fractional} quantum mechanics, where the quadratic kinetic energy is replaced by the Riesz fractional Laplacian of order $1<α\le2$. Working in a static electric field in the length gauge, we derive a closed-form tunneling exponent for a triangular exit barrier. The fractional kinetic operator deforms the conventional $I_p^{3/2}$ scaling to $I_p^{1+1/α}$ and introduces a characteristic $\sin(π/α)$ factor encoding the complex-phase structure associated with nonlocal dispersion. We position this benchmark relative to prior tunneling studies in fractional quantum mechanics (primarily scattering through model barriers and fractal potentials) and provide a validation protocol for testing the exponent in time-dependent simulations of the fractional Schrödinger equation under a constant field. The result establishes a transparent reference for static-field ionization in nonlocal quantum dynamics and a baseline for strong-field approaches extensions.",quant-ph; physics.atom-ph,2026-05-07,2026-05-07,http://arxiv.org/abs/2605.05617v1,https://arxiv.org/pdf/2605.05617v1
2605.05608v1,Dynamical Signatures of Floquet Topology in Wave Packet Dynamics,Xin Shen; Bing Lu; Yan-Qing Zhu,"Periodically driven quantum systems, known as Floquet systems, provide a versatile platform for engineering novel topological phases absent in static settings. However, dynamically characterizing these non-equilibrium topological invariants remains a challenge. Here, we develop a Floquet perturbation theory in the extended Hilbert space to analytically describe the center-of-mass (CoM) dynamics of a wave packet. When applied to the driven Su-Schrieffer-Heeger model, our theory reveals that the CoM exhibits multi-frequency Zitterbewegung oscillations, whose spectral composition and phase are directly tied to the system's Floquet band structure. Crucially, we find that band inversions at topological phase transitions imprint distinct signatures in the CoM dynamics, including the emergence of low-frequency modes and phase shifts of the oscillatory trajectory. These dynamical signatures offer a practical protocol for detecting Floquet topological invariants, which we demonstrate for both high-frequency and strongly driven regimes. Our work establishes CoM dynamics as a simple and experimentally accessible probe for exploring topological phase transitions in Floquet systems.",quant-ph; cond-mat.quant-gas,2026-05-07,2026-05-07,http://arxiv.org/abs/2605.05608v1,https://arxiv.org/pdf/2605.05608v1
2605.05605v1,"Mixed Global Dynamics of the Forced Vibro-Impact Oscillator with Coulomb Friction and its Symplectic Structure, KAM Tori, and Persistence",Abdoulaye Thiam,"The forced vibro-impact oscillator with Amonton-Coulomb friction and elastic walls was shown by Gendelman et al. (2019) to exhibit a coexistence of Hamiltonian stability islands and dissipative attractors in a single phase space. We provide a complete mathematical analysis of this phenomenon. We prove global well-posedness of the associated Filippov flow and construct a global lift to a piecewise smooth Hamiltonian system on a covering manifold. On the maximal forward-invariant non-sticking set, we show that the time-$T$ stroboscopic map is exact symplectic, within the formalism of symplectic dynamics. We derive a closed-form existence equation for symmetric $T$-periodic orbits and establish a parameter-dependent saddle-center bifurcation at $f_{\rm sc}(F,ω,R)$, correcting a universality claim in prior work. Using Moser's twist theorem, we prove the existence of invariant Cantor families (KAM tori) near elliptic non-sticking periodic orbits, while a Melnikov analysis yields hyperbolic dynamics conjugate to a Bernoulli shift near the associated saddle. We further show that any positive restitution defect or viscous damping destroys the conservative structure: elliptic periodic orbits persist but become asymptotically stable, replacing Hamiltonian islands by a single attracting basin. The approach extends to multi-particle systems with elastic collisions, where a symplectic structure and higher-dimensional KAM tori are obtained. A computer-assisted proof verifies the existence and ellipticity of a non-sticking periodic orbit at a specific parameter point.",math.DS; math-ph; math.SG; nlin.CD,2026-05-07,2026-05-07,http://arxiv.org/abs/2605.05605v1,https://arxiv.org/pdf/2605.05605v1
2605.05604v1,Temporal Coarse-Graining as the Origin of Macroscopic Friction in Quantum Spin Chains via Data-Driven Liouvillian Extraction,Seiki Saito,"Understanding the emergence of macroscopic irreversible hydrodynamics from the reversible unitary dynamics of isolated quantum many-body systems remains a fundamental challenge. Conventional approaches often force spin density dynamics into purely diffusive models, obscuring the microscopic interplay of pressure, spin current, and local friction. Furthermore, reconciling true irreversibility with strictly unitary evolution raises profound questions about the role of the observer's temporal resolution. In this paper, we introduce a fully data-driven framework based on generalized Extended Dynamic Mode Decomposition (gEDMD) integrated with the Mori-Zwanzig projection. By expanding the observable dictionary to explicitly include spin currents, we directly extract the Navier-Stokes hydrodynamic coefficients from a chaotic XXZ spin chain across varying temporal coarse-graining scales. Our unconstrained extraction reveals a profound physical dichotomy: the mechanical elasticity ($c^2$) is intrinsically derived from the exact unitary dynamics, preserving strict microscopic reversibility. In stark contrast, the macroscopic friction ($γ$) and kinematic viscosity ($ν$) exhibit zero net dissipation, oscillating rapidly around zero in the exact-derivative limit. We demonstrate that genuine macroscopic transport cannot be established without finite temporal coarse-graining. By introducing a finite observation timescale ($Δt_{\rm cg} > 0$), the system passes through a distinct crossover timescale where these reversible fluctuations average out, establishing an intermediate functional regime that yields strictly positive friction and viscosity. Our results clearly demonstrate that macroscopic friction in isolated quantum systems is not an absolute property, but fundamentally an emergent phenomenon dictated by the temporal resolution of the observer.",quant-ph; cond-mat.stat-mech,2026-05-07,2026-05-07,http://arxiv.org/abs/2605.05604v1,https://arxiv.org/pdf/2605.05604v1
2605.05589v1,Galois Solvability of Finite-Size Bethe Solutions in the Heisenberg Chain,Oliver R. Bellwood; William J. Munro,"The spin-1/2 Heisenberg antiferromagnetic chain is the canonical example of an integrable quantum many-body model. Despite its exact solvability, explicit finite-size solutions are typically only accessible via numerical evaluation of the Bethe ansatz equations. Here, we analyse the algebraic structure of the exact, symbolic ground states for chains up to ten sites using the coordinate Bethe ansatz. We show that both the ground state wavefunction and the Bethe-roots rapidly develop algebraic complexity with respect to system size, but at different rates. The Bethe-roots appear to become Galois unsolvable for chains of eight or more sites, whereas the ground state wavefunction coefficients and energy appear to become unsolvable for ten or more sites. This demonstrates a lack of explicit analytic tractability in a quantum integrable model due to algebraic complexity.",cond-mat.str-el; math-ph,2026-05-07,2026-05-07,http://arxiv.org/abs/2605.05589v1,https://arxiv.org/pdf/2605.05589v1
2605.05565v1,Squeezed spectra and back-to-back correlations of protons and antiprotons at RHIC energies,Yong Zhang,"This study constrains the range of in-medium mass modification through a comparison of theoretical calculations with experimental transverse momentum spectra and the yield ratio {\bar{p}}/p of protons and antiprotons. Based on the constrained range and a Gaussian source model with radial ow, the theoretical predictions for the fermion back-to-back correlation (fBBC) of p{\bar{p}} pairs at RHIC energies are presented. The results reveal a strong sensitivity of the fBBC signal to the assumed source time distribution: a Lorentzian form generates a pronounced high-momentum signal, whereas an α-stable Lévy form leads to a marked low-momentum signal. Moreover, the in-medium mass modification is shown to enhance the yield ratio {\bar{p}}/p. Therefore, events characterized by a larger {\bar{p}}/p ratio are predicted to have a significantly higher probability of exhibiting a detectable fBBC signal. This study may propose a promising new direction for the experimental observation of this phenomenon",hep-ph; nucl-th,2026-05-07,2026-05-07,http://arxiv.org/abs/2605.05565v1,https://arxiv.org/pdf/2605.05565v1
2605.05537v1,Implications of the LISA stochastic signal from eccentric stellar mass black hole binaries in vacuum,Ran Chen; Rohit S. Chandramouli; Federico Pozzoli; Riccardo Buscicchio; Enrico Barausse,"Astrophysical formation channels of stellar-mass binary black holes (sBBHs) can induce significant orbital eccentricities in their early inspiral. We analyze the implications on the stochastic gravitational-wave background (SGWB) from unresolved sBBHs, which can be detected with the Laser Interferometer Space Antenna (LISA). We develop an improved SGWB model for the case of an idealized Dirac-delta eccentricity distribution, and extend it to the more astrophysical case of a thermal distribution. Using a fully Bayesian framework, we find that, if all binaries have a high initial eccentricity $e_0 \gtrsim 0.9$ at an orbital frequency of $f_{\rm orb} = 10^{-4}\,\mathrm{Hz}$, the resulting SGWB can be robustly distinguished from a background of quasi-circular sBBHs. For a thermal eccentricity distribution, the SGWB is consistent with a circular model when binaries form at $f_{\rm orb} = 10^{-5}\,\mathrm{Hz}$, but leads to significant systematic biases if formation occurs at $f_{\rm orb} = 10^{-4}\,\mathrm{Hz}$. We also show that, when eccentricity is properly accounted for, environmental effects such as dynamical friction can be distinguished from vacuum evolution, but only for sufficiently dense environments with gas densities $ρ\gtrsim 10^{-7}\,\mathrm{g\,cm^{-3}}$. Finally, we show that a LISA detection of the sBBH SGWB would place an upper bound on the maximum eccentricity of the sBBH population in the band of ground-based detectors, with direct implications for template modeling and data analysis. Our results highlight the importance of incorporating eccentricity in SGWB modeling to enable accurate astrophysical interpretation of LISA observations.",gr-qc,2026-05-07,2026-05-07,http://arxiv.org/abs/2605.05537v1,https://arxiv.org/pdf/2605.05537v1
